audio_time_seconds,wall_time_seconds,event,transition_backend,bridge_preparation_status,bridge_failure_reason,bridge_position_residual,bridge_velocity_residual,bridge_acceleration_residual,bridge_output_modified,boundary_effect_weight,bridge_generation,current_motion_id,pending_motion_id,preferred_motion_id,audio_history_seconds,shortlist,terminal_time_seconds,entry_frame_index,preparation_delay_seconds,transition_motion_id,fallback_reason,current_phase,transition_phase,transition_blend,transition_reason,entry_phase,entry_total_score,entry_pose_score,entry_velocity_score,entry_contact_score,entry_root_score,entry_music_score,entry_remaining_seconds,transition_duration_seconds,motion_timing,speed_multiplier,target_speed_multiplier,transition_speed_multiplier,phase_correction_remaining,raw_max_wrist_abs_rad,raw_max_wrist_angle_joint,raw_max_wrist_speed_rad_s,raw_max_wrist_speed_joint,output_max_wrist_abs_rad,output_max_wrist_angle_joint,output_max_wrist_speed_rad_s,output_max_wrist_speed_joint,root_x,root_y,root_z,root_yaw,switch_anchor_xy_delta_m,switch_anchor_z_delta_m,switch_anchor_yaw_delta_rad,post_switch_xy_delta_m,post_switch_z_delta_m,post_switch_yaw_delta_rad,accepted_beat_time_seconds,accepted_beat_pose_error_rad,accepted_beat_delay_seconds,accepted_beat_limiter_joints,target_max_joint_speed_rad_s,output_max_joint_speed_rad_s,output_max_joint_acceleration_rad_s2,limiter_activated_joints,limiter_activation_rate,collision_override,limiter_enabled,terminal_safe_idle_active,ready_pool_size,ready_motion_ids,failed_motion_ids,motion_load_ms,motion_grounding_ms,entry_feature_ms,motion_fully_ready_ms,match_state,match_confidence,match_rejection_reason,beat_quality,signal_rms,dynamic_range_db,negative_style_score,top_genre,top_genre_score,track_margin,motion_margin,ranked_tracks,ranked_motions,query_tags,current_motion_cluster_id,pending_motion_cluster_id,top_track_id,top_track_score,top_motion_id,top_motion_score,query_bpm
0.000031,0.002465500,,quintic,legacy,,,,,0,0.0,,gHO_sBM_cAll_d20_mHO5_ch01,,,0.000000,,,,,,,0.000000000,,0.000000,,,,,,,,,,0.500000,beat-sync,1.000000,1.000000,,0.000000000,0.071736909,right_wrist_yaw,0.000000000,,0.071736909,right_wrist_yaw,0.000000000,,0.000000,0.000000,0.829246,0.000000,0.000000000,0.000000000,0.000000000,0.000000000,0.000000000,0.000000000,,0.000000000,,,0.000000,0.000000,0.000000,,0.000000000,0,1,0,0,,,,,,,warming_up,,,,,,,,,,,,,,HO:v0:k0:r0,,,,,,
0.050579,0.053020100,,quintic,legacy,,,,,0,0.0,,gHO_sBM_cAll_d20_mHO5_ch01,,,0.000000,,,,,,,0.007119479,,0.000000,,,,,,,,,,0.500000,beat-sync,1.000000,1.000000,,0.000000000,0.106733151,right_wrist_yaw,0.444410741,right_wrist_roll,0.106733151,right_wrist_yaw,0.527575658,right_wrist_roll,-0.003763,0.003141,0.799810,-0.069313,0.000000000,0.000000000,0.000000000,0.000000000,0.000000000,0.000000000,,0.000000000,,,11.439172,9.487524,37.883850,,0.000000000,0,1,0,0,,,,,,,warming_up,,,,,,,,,,,,,,HO:v0:k0:r0,,,,,,
0.100161,0.102514000,,quintic,legacy,,,,,0,0.0,,gHO_sBM_cAll_d20_mHO5_ch01,,,0.000000,,,,,,,0.014102761,,0.000000,,,,,,,,,,0.500000,beat-sync,1.000000,1.000000,,0.000000000,0.058073226,right_wrist_yaw,1.065432876,left_wrist_pitch,0.058073226,right_wrist_yaw,1.289970260,left_wrist_pitch,0.000668,0.008162,0.789320,-0.104356,0.000000000,0.000000000,0.000000000,0.000000000,0.000000000,0.000000000,,0.000000000,,,5.885054,4.892755,10.352762,,0.000000000,0,1,0,0,,,,,,,warming_up,,,,,,,,,,,,,,HO:v0:k0:r0,,,,,,
0.150546,0.153113200,,quintic,legacy,,,,,0,0.0,,gHO_sBM_cAll_d20_mHO5_ch01,,,0.000000,,,,,,,0.021199282,,0.000000,,,,,,,,,,0.500000,beat-sync,1.000000,1.000000,,0.000000000,0.046126679,left_wrist_roll,1.057642400,right_wrist_roll,0.046126679,left_wrist_roll,1.309845243,right_wrist_roll,0.009259,0.014974,0.782766,-0.151588,0.000000000,0.000000000,0.000000000,0.000000000,0.000000000,0.000000000,,0.000000000,,,5.271408,4.240469,5.960808,,0.000000000,0,1,0,0,,,,,,,warming_up,,,,,,,,,,,,,,HO:v0:k0:r0,,,,,,
0.200221,0.202865400,,quintic,legacy,,,,,0,0.0,,gHO_sBM_cAll_d20_mHO5_ch01,,,0.000000,,,,,,,0.028195746,,0.000000,,,,,,,,,,0.500000,beat-sync,1.000000,1.000000,,0.000000000,0.048198637,left_wrist_roll,0.501937754,right_wrist_pitch,0.048198637,left_wrist_roll,0.608799031,right_wrist_pitch,0.021668,0.027053,0.787556,-0.203461,0.000000000,0.000000000,0.000000000,0.000000000,0.000000000,0.000000000,,0.000000000,,,7.075174,5.757786,15.564798,,0.000000000,0,1,0,0,,,,,,,warming_up,,,,,,,,,,,,,,HO:v0:k0:r0,,,,,,
0.250600,0.253168700,,quintic,legacy,,,,,0,0.0,,gHO_sBM_cAll_d20_mHO5_ch01,,,0.000000,,,,,,,0.035291352,,0.000000,,,,,,,,,,0.500000,beat-sync,1.000000,1.000000,,0.000000000,0.056467604,left_wrist_roll,0.603727447,right_wrist_yaw,0.056467604,left_wrist_roll,0.680047858,right_wrist_yaw,0.021374,0.041473,0.802366,-0.228649,0.000000000,0.000000000,0.000000000,0.000000000,0.000000000,0.000000000,,0.000000000,,,6.709259,5.495059,58.418647,,0.000000000,0,1,0,0,,,,,,,warming_up,,,,,,,,,,,,,,HO:v0:k0:r0,,,,,,
0.300173,0.302582000,,quintic,legacy,,,,,0,0.0,,gHO_sBM_cAll_d20_mHO5_ch01,,,0.000000,,,,,,,0.042273479,,0.000000,,,,,,,,,,0.500000,beat-sync,1.000000,1.000000,,0.000000000,0.073183618,left_wrist_yaw,0.384702086,left_wrist_yaw,0.073183618,left_wrist_yaw,0.480205321,left_wrist_yaw,0.016701,0.058421,0.825633,-0.292414,0.000000000,0.000000000,0.000000000,0.000000000,0.000000000,0.000000000,,0.000000000,,,2.415184,1.968739,22.610710,,0.000000000,0,1,0,0,,,,,,,warming_up,,,,,,,,,,,,,,HO:v0:k0:r0,,,,,,
0.350113,0.352640500,,quintic,legacy,,,,,0,0.0,,gHO_sBM_cAll_d20_mHO5_ch01,,,0.000000,,,,,,,0.049307366,,0.000000,,,,,,,,,,0.500000,beat-sync,1.000000,1.000000,,0.000000000,0.108923562,left_wrist_yaw,0.659179688,left_wrist_yaw,0.108923562,left_wrist_yaw,0.919434942,left_wrist_yaw,0.011886,0.075842,0.833895,-0.422298,0.000000000,0.000000000,0.000000000,0.000000000,0.000000000,0.000000000,,0.000000000,,,5.083929,4.044249,27.590825,,0.000000000,0,1,0,0,,,,,,,warming_up,,,,,,,,,,,,,,HO:v0:k0:r0,,,,,,
0.400422,0.402925200,,quintic,legacy,,,,,0,0.0,,gHO_sBM_cAll_d20_mHO5_ch01,,,0.000000,,,,,,,0.056393127,,0.000000,,,,,,,,,,0.500000,beat-sync,1.000000,1.000000,,0.000000000,0.130256906,left_wrist_yaw,0.216752887,right_wrist_yaw,0.130256906,left_wrist_yaw,0.257807124,right_wrist_yaw,-0.000291,0.091113,0.825371,-0.536074,0.000000000,0.000000000,0.000000000,0.000000000,0.000000000,0.000000000,,0.000000000,,,5.388706,4.405523,8.451678,,0.000000000,0,1,0,0,,,,,,,warming_up,,,,,,,,,,,,,,HO:v0:k0:r0,,,,,,
0.450558,0.453579600,,quintic,legacy,,,,,0,0.0,,gHO_sBM_cAll_d20_mHO5_ch01,,,0.000000,,,,,,,0.063454521,,0.000000,,,,,,,,,,0.500000,beat-sync,1.000000,1.000000,,0.000000000,0.121616624,left_wrist_yaw,0.353750736,right_wrist_yaw,0.121616624,left_wrist_yaw,0.406436254,right_wrist_yaw,-0.014882,0.102385,0.809267,-0.623706,0.000000000,0.000000000,0.000000000,0.000000000,0.000000000,0.000000000,,0.000000000,,,2.083907,1.667011,44.064787,,0.000000000,0,1,0,0,,,,,,,warming_up,,,,,,,,,,,,,,HO:v0:k0:r0,,,,,,
0.500555,0.502904700,,quintic,legacy,,,,,0,0.0,,gHO_sBM_cAll_d20_mHO5_ch01,,,0.000000,,,,,,,0.070496394,,0.000000,,,,,,,,,,0.500000,beat-sync,1.000000,1.000000,,0.000000000,0.116506293,left_wrist_yaw,0.825912058,right_wrist_yaw,0.116506293,left_wrist_yaw,0.995631363,right_wrist_yaw,-0.034311,0.107505,0.800582,-0.680592,0.000000000,0.000000000,0.000000000,0.000000000,0.000000000,0.000000000,,0.000000000,,,8.493636,7.049358,26.018255,,0.000000000,0,1,0,0,,,,,,,warming_up,,,,,,,,,,,,,,HO:v0:k0:r0,,,,,,
0.550243,0.552649700,,quintic,legacy,,,,,0,0.0,,gHO_sBM_cAll_d20_mHO5_ch01,,,0.000000,,,,,,,0.077494577,,0.000000,,,,,,,,,,0.500000,beat-sync,1.000000,1.000000,,0.000000000,0.100260094,left_wrist_yaw,0.416502357,left_wrist_roll,0.100260094,left_wrist_yaw,0.513295519,left_wrist_roll,-0.043559,0.098219,0.798553,-0.713953,0.000000000,0.000000000,0.000000000,0.000000000,0.000000000,0.000000000,,0.000000000,,,5.037892,4.168999,23.525101,,0.000000000,0,1,0,0,,,,,,,warming_up,,,,,,,,,,,,,,HO:v0:k0:r0,,,,,,
0.600308,0.602962500,,quintic,legacy,,,,,0,0.0,,gHO_sBM_cAll_d20_mHO5_ch01,,,0.000000,,,,,,,0.084546042,,0.000000,,,,,,,,,,0.500000,beat-sync,1.000000,1.000000,,0.000000000,0.074502029,left_wrist_yaw,0.442377627,right_wrist_yaw,0.074502029,left_wrist_yaw,0.654246051,right_wrist_yaw,-0.042281,0.087135,0.801655,-0.810869,0.000000000,0.000000000,0.000000000,0.000000000,0.000000000,0.000000000,,0.000000000,,,7.354864,5.647650,124.653115,,0.000000000,0,1,0,0,,,,,,,warming_up,,,,,,,,,,,,,,HO:v0:k0:r0,,,,,,
0.650299,0.652883400,,quintic,legacy,,,,,0,0.0,,gHO_sBM_cAll_d20_mHO5_ch01,,,0.000000,,,,,,,0.091587085,,0.000000,,,,,,,,,,0.500000,beat-sync,1.000000,1.000000,,0.000000000,0.076502249,left_wrist_yaw,0.332785919,right_wrist_yaw,0.076502249,left_wrist_yaw,0.403817400,right_wrist_yaw,-0.031324,0.086478,0.809041,-1.000725,0.000000000,0.000000000,0.000000000,0.000000000,0.000000000,0.000000000,,0.000000000,,,7.294845,5.966172,30.883763,,0.000000000,0,1,0,0,,,,,,,warming_up,,,,,,,,,,,,,,HO:v0:k0:r0,,,,,,
0.701123,0.703444900,,quintic,legacy,,,,,0,0.0,,gHO_sBM_cAll_d20_mHO5_ch01,,,0.000000,,,,,,,0.098745366,,0.000000,,,,,,,,,,0.500000,beat-sync,1.000000,1.000000,,0.000000000,0.096194126,left_wrist_yaw,0.000000894,left_wrist_yaw,0.096194126,left_wrist_yaw,0.000000980,left_wrist_yaw,-0.016608,0.099595,0.828195,-1.130148,0.000000000,0.000000000,0.000000000,0.000000000,0.000000000,0.000000000,,0.000000000,,,0.000016,0.000013,66.043554,,0.000000000,0,1,0,0,,,,,,,warming_up,,,,,,,,,,,,,,HO:v0:k0:r0,,,,,,
0.750236,0.752364000,,quintic,legacy,,,,,0,0.0,,gHO_sBM_cAll_d20_mHO5_ch01,,,0.000000,,,,,,,0.105662676,,0.000000,,,,,,,,,,0.500000,beat-sync,1.000000,1.000000,,0.000000000,0.096194111,left_wrist_yaw,0.000000894,left_wrist_yaw,0.096194111,left_wrist_yaw,0.000001047,left_wrist_yaw,-0.007416,0.102455,0.851648,-1.156240,0.000000000,0.000000000,0.000000000,0.000000000,0.000000000,0.000000000,,0.000000000,,,0.000017,0.000015,0.001806,,0.000000000,0,1,0,0,,,,,,,warming_up,,,,,,,,,,,,,,HO:v0:k0:r0,,,,,,
0.800293,0.802558600,,quintic,legacy,,,,,0,0.0,,gHO_sBM_cAll_d20_mHO5_ch01,,,0.000000,,,,,,,0.112712915,,0.000000,,,,,,,,,,0.500000,beat-sync,1.000000,1.000000,,0.000000000,0.096194118,left_wrist_yaw,0.000000000,right_wrist_yaw,0.096194118,left_wrist_yaw,0.000000000,right_wrist_yaw,0.001467,0.102896,0.866217,-1.193565,0.000000000,0.000000000,0.000000000,0.000000000,0.000000000,0.000000000,,0.000000000,,,0.000004,0.000004,0.000440,,0.000000000,0,1,0,0,,,,,,,warming_up,,,,,,,,,,,,,,HO:v0:k0:r0,,,,,,
0.850381,0.852576500,,quintic,legacy,,,,,0,0.0,,gHO_sBM_cAll_d20_mHO5_ch01,,,0.000000,,,,,,,0.119767549,,0.000000,,,,,,,,,,0.500000,beat-sync,1.000000,1.000000,,0.000000000,0.096203715,left_wrist_yaw,0.000000112,right_wrist_pitch,0.096203715,left_wrist_yaw,0.000000128,right_wrist_pitch,0.011010,0.095612,0.864165,-1.217900,0.000000000,0.000000000,0.000000000,0.000000000,0.000000000,0.000000000,,0.000000000,,,0.000016,0.000014,0.003341,,0.000000000,0,1,0,0,,,,,,,warming_up,,,,,,,,,,,,,,HO:v0:k0:r0,,,,,,
0.900224,0.902669100,,quintic,legacy,,,,,0,0.0,,gHO_sBM_cAll_d20_mHO5_ch01,,,0.000000,,,,,,,0.126787746,,0.000000,,,,,,,,,,0.500000,beat-sync,1.000000,1.000000,,0.000000000,0.235186562,left_wrist_yaw,9.318782687,right_wrist_yaw,0.235186562,left_wrist_yaw,10.812810313,right_wrist_yaw,0.021785,0.095593,0.848306,-1.172882,0.000000000,0.000000000,0.000000000,0.000000000,0.000000000,0.000000000,,0.000000000,,,10.812812,9.104892,202.725687,,0.000000000,0,1,0,0,,,,,,,warming_up,,,,,,,,,,,,,,HO:v0:k0:r0,,,,,,
0.950211,0.952488100,,quintic,legacy,,,,,0,0.0,,gHO_sBM_cAll_d20_mHO5_ch01,,,0.000000,,,,,,,0.133828127,,0.000000,,,,,,,,,,0.500000,beat-sync,1.000000,1.000000,,0.000000000,0.375801533,left_wrist_yaw,0.187500715,right_wrist_roll,0.375801533,left_wrist_yaw,0.241832809,right_wrist_roll,0.032791,0.096413,0.833547,-1.136726,0.000000000,0.000000000,0.000000000,0.000000000,0.000000000,0.000000000,,0.000000000,,,11.674765,9.783889,206.416600,,0.000000000,0,1,0,0,,,,,,,warming_up,,,,,,,,,,,,,,HO:v0:k0:r0,,,,,,
1.000742,1.003065100,,quintic,legacy,,,,,0,0.0,,gHO_sBM_cAll_d20_mHO5_ch01,,,0.000000,,,,,,,0.140945254,,0.000000,,,,,,,,,,0.500000,beat-sync,1.000000,1.000000,,0.000000000,0.340230405,left_wrist_yaw,0.749226809,left_wrist_roll,0.340230405,left_wrist_yaw,0.830602607,left_wrist_roll,0.034465,0.092345,0.822150,-1.101408,0.000000000,0.000000000,0.000000000,0.000000000,0.000000000,0.000000000,,0.000000000,,,4.927023,4.183340,262.447544,,0.000000000,0,1,0,0,,,,,,,warming_up,,,,,,,,,,,,,,HO:v0:k0:r0,,,,,,
1.050562,1.052978700,,quintic,legacy,,,,,0,0.0,,gHO_sBM_cAll_d20_mHO5_ch01,,,0.000000,,,,,,,0.147962056,,0.000000,,,,,,,,,,0.500000,beat-sync,1.000000,1.000000,,0.000000000,0.273118198,left_wrist_yaw,1.908388138,left_wrist_roll,0.273118198,left_wrist_yaw,2.626029471,left_wrist_roll,0.019646,0.086768,0.806822,-1.052553,0.000000000,0.000000000,0.000000000,0.000000000,0.000000000,0.000000000,,0.000000000,,,8.458958,6.729563,154.977648,,0.000000000,0,1,0,0,,,,,,,warming_up,,,,,,,,,,,,,,HO:v0:k0:r0,,,,,,
1.100262,1.102861600,,quintic,legacy,,,,,0,0.0,,gHO_sBM_cAll_d20_mHO5_ch01,,,0.000000,,,,,,,0.154962085,,0.000000,,,,,,,,,,0.500000,beat-sync,1.000000,1.000000,,0.000000000,0.138753802,left_wrist_yaw,2.712285519,left_wrist_yaw,0.138753802,left_wrist_yaw,3.363098981,left_wrist_yaw,0.009007,0.077578,0.805988,-1.010978,0.000000000,0.000000000,0.000000000,0.000000000,0.000000000,0.000000000,,0.000000000,,,7.934787,6.334690,57.162655,,0.000000000,0,1,0,0,,,,,,,warming_up,,,,,,,,,,,,,,HO:v0:k0:r0,,,,,,
1.150302,1.153294400,,quintic,legacy,,,,,0,0.0,,gHO_sBM_cAll_d20_mHO5_ch01,,,0.000000,,,,,,,0.162009972,,0.000000,,,,,,,,,,0.500000,beat-sync,1.000000,1.000000,,0.000000000,0.170394138,right_wrist_yaw,0.849040747,right_wrist_yaw,0.170394138,right_wrist_yaw,1.044330562,right_wrist_yaw,-0.004865,0.071637,0.822908,-0.965005,0.000000000,0.000000000,0.000000000,0.000000000,0.000000000,0.000000000,,0.000000000,,,2.228563,1.740603,111.873478,,0.000000000,0,1,0,0,,,,,,,warming_up,,,,,,,,,,,,,,HO:v0:k0:r0,,,,,,
1.200525,1.202523900,,quintic,legacy,,,,,0,0.0,,gHO_sBM_cAll_d20_mHO5_ch01,,,0.000000,,,,,,,0.169083577,,0.000000,,,,,,,,,,0.500000,beat-sync,1.000000,1.000000,,0.000000000,0.172542453,right_wrist_yaw,0.000000447,left_wrist_yaw,0.172542453,right_wrist_yaw,0.000000490,left_wrist_yaw,-0.025275,0.065748,0.844188,-0.893768,0.000000000,0.000000000,0.000000000,0.000000000,0.000000000,0.000000000,,0.000000000,,,0.000002,0.000002,0.001926,,0.000000000,0,1,0,0,,,,,,,warming_up,,,,,,,,,,,,,,HO:v0:k0:r0,,,,,,
1.250172,1.252290700,,quintic,legacy,,,,,0,0.0,,gHO_sBM_cAll_d20_mHO5_ch01,,,0.000000,,,,,,,0.176076211,,0.000000,,,,,,,,,,0.500000,beat-sync,1.000000,1.000000,,0.000000000,0.172542453,right_wrist_yaw,0.000000447,left_wrist_yaw,0.172542453,right_wrist_yaw,0.000000524,left_wrist_yaw,-0.043951,0.058502,0.852389,-0.791674,0.000000000,0.000000000,0.000000000,0.000000000,0.000000000,0.000000000,,0.000000000,,,0.000017,0.000014,0.001758,,0.000000000,0,1,0,0,,,,,,,warming_up,,,,,,,,,,,,,,HO:v0:k0:r0,,,,,,
1.300423,1.302721800,,quintic,legacy,,,,,0,0.0,,gHO_sBM_cAll_d20_mHO5_ch01,,,0.000000,,,,,,,0.183153746,,0.000000,,,,,,,,,,0.500000,beat-sync,1.000000,1.000000,,0.000000000,0.219662488,right_wrist_yaw,0.995272994,left_wrist_yaw,0.219662488,right_wrist_yaw,1.243954407,left_wrist_yaw,-0.058630,0.053273,0.842135,-0.714609,0.000000000,0.000000000,0.000000000,0.000000000,0.000000000,0.000000000,,0.000000000,,,11.527193,9.487859,304.839363,,0.000000000,0,1,0,0,,,,,,,warming_up,,,,,,,,,,,,,,HO:v0:k0:r0,,,,,,
1.350604,1.353573800,,quintic,legacy,,,,,0,0.0,,gHO_sBM_cAll_d20_mHO5_ch01,,,0.000000,,,,,,,0.190221521,,0.000000,,,,,,,,,,0.500000,beat-sync,1.000000,1.000000,,0.000000000,0.190701619,right_wrist_yaw,0.535760522,right_wrist_yaw,0.190701619,right_wrist_yaw,0.621967738,right_wrist_yaw,-0.075358,0.049510,0.821723,-0.638517,0.000000000,0.000000000,0.000000000,0.000000000,0.000000000,0.000000000,,0.000000000,,,2.734786,2.139655,284.423342,,0.000000000,0,1,0,0,,,,,,,warming_up,,,,,,,,,,,,,,HO:v0:k0:r0,,,,,,
1.400476,1.403258900,,quintic,legacy,,,,,0,0.0,,gHO_sBM_cAll_d20_mHO5_ch01,,,0.000000,,,,,,,0.197245831,,0.000000,,,,,,,,,,0.500000,beat-sync,1.000000,1.000000,,0.000000000,0.175827399,right_wrist_yaw,0.913648903,left_wrist_yaw,0.175827399,right_wrist_yaw,1.060453900,left_wrist_yaw,-0.086645,0.051111,0.808432,-0.556781,0.000000000,0.000000000,0.000000000,0.000000000,0.000000000,0.000000000,,0.000000000,,,11.033256,8.928906,190.493073,,0.000000000,0,1,0,0,,,,,,,warming_up,,,,,,,,,,,,,,HO:v0:k0:r0,,,,,,
1.450546,1.453216000,,quintic,legacy,,,,,0,0.0,,gHO_sBM_cAll_d20_mHO5_ch01,,,0.000000,,,,,,,0.204297901,,0.000000,,,,,,,,,,0.500000,beat-sync,1.000000,1.000000,,0.000000000,0.156158224,right_wrist_yaw,0.794479251,left_wrist_yaw,0.156158224,right_wrist_yaw,0.940608411,left_wrist_yaw,-0.087628,0.054832,0.804700,-0.460997,0.000000000,0.000000000,0.000000000,0.000000000,0.000000000,0.000000000,,0.000000000,,,5.470981,4.440515,163.942564,,0.000000000,0,1,0,0,,,,,,,warming_up,,,,,,,,,,,,,,HO:v0:k0:r0,,,,,,
1.500827,1.503234900,,quintic,legacy,,,,,0,0.0,,gHO_sBM_cAll_d20_mHO5_ch01,,,0.000000,,,,,,,0.211379746,,0.000000,,,,,,,,,,0.500000,beat-sync,1.000000,1.000000,,0.000000000,0.147143558,right_wrist_yaw,0.271492749,left_wrist_yaw,0.147143558,right_wrist_yaw,0.290996499,left_wrist_yaw,-0.081121,0.058491,0.808773,-0.303706,0.000000000,0.000000000,0.000000000,0.000000000,0.000000000,0.000000000,,0.000000000,,,3.041514,2.600446,171.132717,,0.000000000,0,1,0,0,,,,,,,warming_up,,,,,,,,,,,,,,HO:v0:k0:r0,,,,,,
1.550522,1.553268600,,quintic,legacy,,,,,0,0.0,,gHO_sBM_cAll_d20_mHO5_ch01,,,0.000000,,,,,,,0.218379056,,0.000000,,,,,,,,,,0.500000,beat-sync,1.000000,1.000000,,0.000000000,0.153198406,right_wrist_yaw,0.768524408,right_wrist_roll,0.153198406,right_wrist_yaw,0.896255100,right_wrist_roll,-0.077499,0.061216,0.825491,-0.103599,0.000000000,0.000000000,0.000000000,0.000000000,0.000000000,0.000000000,,0.000000000,,,5.735199,4.673084,43.121410,,0.000000000,0,1,0,0,,,,,,,warming_up,,,,,,,,,,,,,,HO:v0:k0:r0,,,,,,
1.600519,1.602900100,,quintic,legacy,,,,,0,0.0,,gHO_sBM_cAll_d20_mHO5_ch01,,,0.000000,,,,,,,0.225420859,,0.000000,,,,,,,,,,0.500000,beat-sync,1.000000,1.000000,,0.000000000,0.183789909,right_wrist_roll,0.891582370,right_wrist_roll,0.183789909,right_wrist_roll,1.028125686,right_wrist_roll,-0.073732,0.059701,0.849695,0.030242,0.000000000,0.000000000,0.000000000,0.000000000,0.000000000,0.000000000,,0.000000000,,,4.808539,3.993953,72.256314,,0.000000000,0,1,0,0,,,,,,,warming_up,,,,,,,,,,,,,,HO:v0:k0:r0,,,,,,
1.650643,1.653367800,,quintic,legacy,,,,,0,0.0,,gHO_sBM_cAll_d20_mHO5_ch01,,,0.000000,,,,,,,0.232480606,,0.000000,,,,,,,,,,0.500000,beat-sync,1.000000,1.000000,,0.000000000,0.212666333,right_wrist_roll,0.460775793,left_wrist_yaw,0.212666333,right_wrist_roll,0.547674156,left_wrist_yaw,-0.071033,0.056762,0.864677,0.099639,0.000000000,0.000000000,0.000000000,0.000000000,0.000000000,0.000000000,,0.000000000,,,4.182688,3.351457,57.029297,,0.000000000,0,1,0,0,,,,,,,warming_up,,,,,,,,,,,,,,HO:v0:k0:r0,,,,,,
1.700159,1.702383400,,quintic,legacy,,,,,0,0.0,,gHO_sBM_cAll_d20_mHO5_ch01,,,0.000000,,,,,,,0.239454592,,0.000000,,,,,,,,,,0.500000,beat-sync,1.000000,1.000000,,0.000000000,0.217440158,right_wrist_roll,0.408564806,left_wrist_roll,0.217440158,right_wrist_roll,0.532085190,left_wrist_roll,-0.069180,0.051549,0.869647,0.098460,0.000000000,0.000000000,0.000000000,0.000000000,0.000000000,0.000000000,,0.000000000,,,4.588388,3.808904,99.629949,,0.000000000,0,1,0,0,,,,,,,warming_up,,,,,,,,,,,,,,HO:v0:k0:r0,,,,,,
1.750217,1.752316200,,quintic,legacy,,,,,0,0.0,,gHO_sBM_cAll_d20_mHO5_ch01,,,0.000000,,,,,,,0.246505014,,0.000000,,,,,,,,,,0.500000,beat-sync,1.000000,1.000000,,0.000000000,0.206037164,right_wrist_roll,0.524674058,right_wrist_yaw,0.206037164,right_wrist_roll,0.667738331,right_wrist_yaw,-0.064040,0.043832,0.858418,0.126504,0.000000000,0.000000000,0.000000000,0.000000000,0.000000000,0.000000000,,0.000000000,,,3.581149,3.007478,31.224226,,0.000000000,0,1,0,0,,,,,,,warming_up,,,,,,,,,,,,,,HO:v0:k0:r0,,,,,,
1.800419,1.802732400,,quintic,legacy,,,,,0,0.0,,gHO_sBM_cAll_d20_mHO5_ch01,,,0.000000,,,,,,,0.253575718,,0.000000,,,,,,,,,,0.500000,beat-sync,1.000000,1.000000,,0.000000000,0.174238980,right_wrist_roll,0.677114725,right_wrist_roll,0.174238980,right_wrist_roll,0.843138890,right_wrist_roll,-0.058240,0.052924,0.840546,0.179560,0.000000000,0.000000000,0.000000000,0.000000000,0.000000000,0.000000000,,0.000000000,,,6.977637,5.730273,68.286809,,0.000000000,0,1,0,0,,,,,,,warming_up,,,,,,,,,,,,,,HO:v0:k0:r0,,,,,,
1.850211,1.852661000,,quintic,legacy,,,,,0,0.0,,gHO_sBM_cAll_d20_mHO5_ch01,,,0.000000,,,,,,,0.260588775,,0.000000,,,,,,,,,,0.500000,beat-sync,1.000000,1.000000,,0.000000000,0.131627917,left_wrist_yaw,1.104463935,right_wrist_roll,0.131627917,left_wrist_yaw,1.315382963,right_wrist_roll,-0.054724,0.068272,0.825511,0.167732,0.000000000,0.000000000,0.000000000,0.000000000,0.000000000,0.000000000,,0.000000000,,,8.040668,6.616804,100.108468,,0.000000000,0,1,0,0,,,,,,,warming_up,,,,,,,,,,,,,,HO:v0:k0:r0,,,,,,
1.900456,1.902813000,,quintic,legacy,,,,,0,0.0,,gHO_sBM_cAll_d20_mHO5_ch01,,,0.000000,,,,,,,0.267665423,,0.000000,,,,,,,,,,0.500000,beat-sync,1.000000,1.000000,,0.000000000,0.125841990,left_wrist_yaw,1.090263426,right_wrist_pitch,0.125841990,left_wrist_yaw,1.307270295,right_wrist_pitch,-0.053518,0.081284,0.813568,0.108876,0.000000000,0.000000000,0.000000000,0.000000000,0.000000000,0.000000000,,0.000000000,,,3.548886,2.999193,429.500941,,0.000000000,0,1,0,0,,,,,,,warming_up,,,,,,,,,,,,,,HO:v0:k0:r0,,,,,,
1.950153,1.952417300,,quintic,legacy,,,,,0,0.0,,gHO_sBM_cAll_d20_mHO5_ch01,,,0.000000,,,,,,,0.274665028,,0.000000,,,,,,,,,,0.500000,beat-sync,1.000000,1.000000,,0.000000000,0.112504266,left_wrist_yaw,2.147527188,right_wrist_roll,0.112504266,left_wrist_yaw,2.703413986,right_wrist_roll,-0.045508,0.097437,0.800189,0.052279,0.000000000,0.000000000,0.000000000,0.000000000,0.000000000,0.000000000,,0.000000000,,,11.413914,9.608554,563.634326,,0.000000000,0,1,0,0,,,,,,,warming_up,,,,,,,,,,,,,,HO:v0:k0:r0,,,,,,
2.000284,2.003709500,,quintic,legacy,,,,,0,0.0,,gHO_sBM_cAll_d20_mHO5_ch01,,,0.000000,,,,,,,0.281725831,,0.000000,,,,,,,,,,0.500000,beat-sync,1.000000,1.000000,,0.000000000,0.114688203,left_wrist_yaw,0.578822494,right_wrist_yaw,0.114688203,left_wrist_yaw,0.635568601,right_wrist_yaw,-0.039772,0.111013,0.804710,-0.003758,0.000000000,0.000000000,0.000000000,0.000000000,0.000000000,0.000000000,,0.000000000,,,5.881801,4.753203,427.549666,,0.000000000,0,1,0,0,,,,,,,warming_up,,,,,,,,,,,,,,HO:v0:k0:r0,,,,,,
2.050297,2.052591800,,quintic,legacy,,,,,0,0.0,,gHO_sBM_cAll_d20_mHO5_ch01,,,0.000000,,,,,,,0.288769817,,0.000000,,,,,,,,,,0.500000,beat-sync,1.000000,1.000000,,0.000000000,0.111611329,left_wrist_yaw,0.123278797,left_wrist_yaw,0.111611329,left_wrist_yaw,0.149982963,left_wrist_yaw,-0.046484,0.127440,0.826154,-0.063588,0.000000000,0.000000000,0.000000000,0.000000000,0.000000000,0.000000000,,0.000000000,,,2.894961,2.421340,135.740415,,0.000000000,0,1,0,0,,,,,,,warming_up,,,,,,,,,,,,,,HO:v0:k0:r0,,,,,,
2.100280,2.102564400,,quintic,legacy,,,,,0,0.0,,gHO_sBM_cAll_d20_mHO5_ch01,,,0.000000,,,,,,,0.295809662,,0.000000,,,,,,,,,,0.500000,beat-sync,1.000000,1.000000,,0.000000000,0.119570389,left_wrist_yaw,0.805003792,right_wrist_yaw,0.119570389,left_wrist_yaw,1.017374645,right_wrist_yaw,-0.055729,0.149666,0.841550,-0.170115,0.000000000,0.000000000,0.000000000,0.000000000,0.000000000,0.000000000,,0.000000000,,,5.398135,4.492916,154.803356,,0.000000000,0,1,0,0,,,,,,,warming_up,,,,,,,,,,,,,,HO:v0:k0:r0,,,,,,
2.150173,2.152452000,,quintic,legacy,,,,,0,0.0,,gHO_sBM_cAll_d20_mHO5_ch01,,,0.000000,,,,,,,0.302836944,,0.000000,,,,,,,,,,0.500000,beat-sync,1.000000,1.000000,,0.000000000,0.138259172,left_wrist_yaw,0.682691485,right_wrist_yaw,0.138259172,left_wrist_yaw,0.852133024,right_wrist_yaw,-0.062247,0.161915,0.838828,-0.294746,0.000000000,0.000000000,0.000000000,0.000000000,0.000000000,0.000000000,,0.000000000,,,5.519994,4.530083,96.331511,,0.000000000,0,1,0,0,,,,,,,warming_up,,,,,,,,,,,,,,HO:v0:k0:r0,,,,,,
2.200495,2.202965700,,quintic,legacy,,,,,0,0.0,,gHO_sBM_cAll_d20_mHO5_ch01,,,0.000000,,,,,,,0.309924437,,0.000000,,,,,,,,,,0.500000,beat-sync,1.000000,1.000000,,0.000000000,0.165124893,left_wrist_yaw,0.206315517,left_wrist_yaw,0.165124893,left_wrist_yaw,0.251498783,left_wrist_yaw,-0.067893,0.167774,0.822362,-0.429500,0.000000000,0.000000000,0.000000000,0.000000000,0.000000000,0.000000000,,0.000000000,,,3.429565,2.876710,231.151224,,0.000000000,0,1,0,0,,,,,,,warming_up,,,,,,,,,,,,,,HO:v0:k0:r0,,,,,,
2.250420,2.253128100,,quintic,legacy,,,,,0,0.0,,gHO_sBM_cAll_d20_mHO5_ch01,,,0.000000,,,,,,,0.316956127,,0.000000,,,,,,,,,,0.500000,beat-sync,1.000000,1.000000,,0.000000000,0.169311374,left_wrist_yaw,0.804177225,right_wrist_yaw,0.169311374,left_wrist_yaw,1.101401409,right_wrist_yaw,-0.085372,0.174632,0.811575,-0.531395,0.000000000,0.000000000,0.000000000,0.000000000,0.000000000,0.000000000,,0.000000000,,,8.939247,7.305492,408.112446,,0.000000000,0,1,0,0,,,,,,,warming_up,,,,,,,,,,,,,,HO:v0:k0:r0,,,,,,
2.304223,2.310581900,,quintic,legacy,,,,,0,0.0,,gHO_sBM_cAll_d20_mHO5_ch01,,,0.000000,,,,,,,0.324534099,,0.000000,,,,,,,,,,0.500000,beat-sync,1.000000,1.000000,,0.000000000,0.152868420,left_wrist_yaw,1.011463031,right_wrist_yaw,0.152868420,left_wrist_yaw,1.151247503,right_wrist_yaw,-0.098947,0.167033,0.806530,-0.606315,0.000000000,0.000000000,0.000000000,0.000000000,0.000000000,0.000000000,,0.000000000,,,8.525512,5.052086,201.363935,,0.000125392,0,1,0,0,,,,,,,warming_up,,,,,,,,,,,,,,HO:v0:k0:r0,,,,,,
2.358956,2.363205600,,quintic,legacy,,,,,0,0.0,,gHO_sBM_cAll_d20_mHO5_ch01,,,0.000000,,,,,,,0.332242915,,0.000000,,,,,,,,,,0.500000,beat-sync,1.000000,1.000000,,0.000000000,0.114273176,left_wrist_yaw,0.804355145,left_wrist_yaw,0.114273176,left_wrist_yaw,0.964052343,left_wrist_yaw,-0.102027,0.150978,0.806332,-0.761181,0.000000000,0.000000000,0.000000000,0.000000000,0.000000000,0.000000000,,0.000000000,,,6.777659,4.825945,384.452610,,0.000124039,0,1,0,0,,,,,,,warming_up,,,,,,,,,,,,,,HO:v0:k0:r0,,,,,,
2.406531,2.408880800,,quintic,legacy,,,,,0,0.0,,gHO_sBM_cAll_d20_mHO5_ch01,,,0.000000,,,,,,,0.338943690,,0.000000,,,,,,,,,,0.500000,beat-sync,1.000000,1.000000,,0.000000000,0.096327111,left_wrist_yaw,0.202257559,left_wrist_roll,0.096327111,left_wrist_yaw,0.289382538,left_wrist_roll,-0.097485,0.142174,0.810353,-0.948215,0.000000000,0.000000000,0.000000000,0.000000000,0.000000000,0.000000000,,0.000000000,,,12.783450,10.301469,610.516183,,0.000242836,0,1,0,0,,,,,,,warming_up,,,,,,,,,,,,,,HO:v0:k0:r0,,,,,,
2.457088,2.460554400,,quintic,legacy,,,,,0,0.0,,gHO_sBM_cAll_d20_mHO5_ch01,,,0.000000,,,,,,,0.346064352,,0.000000,,,,,,,,,,0.500000,beat-sync,1.000000,1.000000,,0.000000000,0.122984372,left_wrist_yaw,0.938806236,left_wrist_yaw,0.122984372,left_wrist_yaw,1.043396279,left_wrist_yaw,-0.084407,0.144585,0.820701,-1.110972,0.000000000,0.000000000,0.000000000,0.000000000,0.000000000,0.000000000,,0.000000000,,,3.698815,2.993191,155.401434,,0.000237812,0,1,0,0,,,,,,,warming_up,,,,,,,,,,,,,,HO:v0:k0:r0,,,,,,
2.506188,2.508556800,,quintic,legacy,,,,,0,0.0,,gHO_sBM_cAll_d20_mHO5_ch01,,,0.000000,,,,,,,0.352979831,,0.000000,,,,,,,,,,0.500000,beat-sync,1.000000,1.000000,,0.000000000,0.158185422,left_wrist_yaw,0.082316995,left_wrist_yaw,0.158185422,left_wrist_yaw,0.099914786,left_wrist_yaw,-0.076732,0.144092,0.840824,-1.177541,0.000000000,0.000000000,0.000000000,0.000000000,0.000000000,0.000000000,,0.000000000,,,0.291998,0.242711,3.510271,,0.000232992,0,1,0,0,,,,,,,warming_up,,,,,,,,,,,,,,HO:v0:k0:r0,,,,,,
2.558239,2.562482100,,quintic,legacy,,,,,0,0.0,,gHO_sBM_cAll_d20_mHO5_ch01,,,0.000000,,,,,,,0.360310944,,0.000000,,,,,,,,,,0.500000,beat-sync,1.000000,1.000000,,0.000000000,0.158185422,left_wrist_yaw,0.000000224,right_wrist_roll,0.158185422,left_wrist_yaw,0.000000221,right_wrist_roll,-0.069888,0.147954,0.861518,-1.175533,0.000000000,0.000000000,0.000000000,0.000000000,0.000000000,0.000000000,,0.000000000,,,0.000014,0.000010,0.002177,,0.000228363,0,1,0,0,,,,,,,warming_up,,,,,,,,,,,,,,HO:v0:k0:r0,,,,,,
2.606687,2.608945100,,quintic,legacy,,,,,0,0.0,,gHO_sBM_cAll_d20_mHO5_ch01,,,0.000000,,,,,,,0.367134620,,0.000000,,,,,,,,,,0.500000,beat-sync,1.000000,1.000000,,0.000000000,0.158185422,left_wrist_yaw,0.000000224,right_wrist_yaw,0.158185422,left_wrist_yaw,0.000000267,right_wrist_yaw,-0.058112,0.154153,0.863763,-1.131951,0.000000000,0.000000000,0.000000000,0.000000000,0.000000000,0.000000000,,0.000000000,,,0.000017,0.000014,0.001758,,0.000223914,0,1,0,0,,,,,,,warming_up,,,,,,,,,,,,,,HO:v0:k0:r0,,,,,,
2.656282,2.658714000,,quintic,legacy,,,,,0,0.0,,gHO_sBM_cAll_d20_mHO5_ch01,,,0.000000,,,,,,,0.374119887,,0.000000,,,,,,,,,,0.500000,beat-sync,1.000000,1.000000,,0.000000000,0.158185437,left_wrist_yaw,0.000001788,left_wrist_yaw,0.158185437,left_wrist_yaw,0.000002543,left_wrist_yaw,-0.047738,0.163734,0.854813,-1.087468,0.000000000,0.000000000,0.000000000,0.000000000,0.000000000,0.000000000,,0.000000000,,,0.000020,0.000016,0.004046,,0.000219635,0,1,0,0,,,,,,,warming_up,,,,,,,,,,,,,,HO:v0:k0:r0,,,,,,
2.706580,2.709143800,,quintic,legacy,,,,,0,0.0,,gHO_sBM_cAll_d20_mHO5_ch01,,,0.000000,,,,,,,0.381204070,,0.000000,,,,,,,,,,0.500000,beat-sync,1.000000,1.000000,,0.000000000,0.158439934,left_wrist_yaw,0.029392317,left_wrist_roll,0.158439934,left_wrist_yaw,0.033630269,left_wrist_roll,-0.040609,0.167855,0.843349,-1.055606,0.000000000,0.000000000,0.000000000,0.000000000,0.000000000,0.000000000,,0.000000000,,,0.033636,0.027441,3.074331,,0.000215517,0,1,0,0,,,,,,,warming_up,,,,,,,,,,,,,,HO:v0:k0:r0,,,,,,
2.757191,2.759550800,,quintic,legacy,,,,,0,0.0,,gHO_sBM_cAll_d20_mHO5_ch01,,,0.000000,,,,,,,0.388332324,,0.000000,,,,,,,,,,0.500000,beat-sync,1.000000,1.000000,,0.000000000,0.402125537,left_wrist_yaw,9.814149141,left_wrist_yaw,0.402125537,left_wrist_yaw,11.481909213,left_wrist_yaw,-0.037094,0.162422,0.835394,-1.004813,0.000000000,0.000000000,0.000000000,0.000000000,0.000000000,0.000000000,,0.000000000,,,12.122454,10.219419,131.312850,,0.000211551,0,1,0,0,,,,,,,warming_up,,,,,,,,,,,,,,HO:v0:k0:r0,,,,,,
2.806574,2.809043600,,quintic,legacy,,,,,0,0.0,,gHO_sBM_cAll_d20_mHO5_ch01,,,0.000000,,,,,,,0.395287746,,0.000000,,,,,,,,,,0.500000,beat-sync,1.000000,1.000000,,0.000000000,0.381478995,left_wrist_yaw,3.975843787,left_wrist_roll,0.381478995,left_wrist_yaw,4.368847866,left_wrist_roll,-0.043425,0.152077,0.820580,-0.978043,0.000000000,0.000000000,0.000000000,0.000000000,0.000000000,0.000000000,,0.000000000,,,12.436482,10.397829,234.636731,,0.001246365,0,1,0,0,,,,,,,warming_up,,,,,,,,,,,,,,HO:v0:k0:r0,,,,,,
2.856581,2.859086000,,quintic,legacy,,,,,0,0.0,,gHO_sBM_cAll_d20_mHO5_ch01,,,0.000000,,,,,,,0.402330915,,0.000000,,,,,,,,,,0.500000,beat-sync,1.000000,1.000000,,0.000000000,0.265516520,left_wrist_yaw,2.945566177,left_wrist_yaw,0.265516520,left_wrist_yaw,3.683541645,left_wrist_yaw,-0.057467,0.140284,0.817047,-0.929820,0.000000000,0.000000000,0.000000000,0.000000000,0.000000000,0.000000000,,0.000000000,,,8.365384,6.730892,31.694138,,0.001530300,0,1,0,0,,,,,,,warming_up,,,,,,,,,,,,,,HO:v0:k0:r0,,,,,,
2.906483,2.909082000,,quintic,legacy,,,,,0,0.0,,gHO_sBM_cAll_d20_mHO5_ch01,,,0.000000,,,,,,,0.409359366,,0.000000,,,,,,,,,,0.500000,beat-sync,1.000000,1.000000,,0.000000000,0.163809165,right_wrist_yaw,2.662716508,left_wrist_yaw,0.163809165,right_wrist_yaw,2.989022069,left_wrist_yaw,-0.070985,0.131975,0.830996,-0.898154,0.000000000,0.000000000,0.000000000,0.000000000,0.000000000,0.000000000,,0.000000000,,,5.426812,4.559719,22.116119,,0.001503609,0,1,0,0,,,,,,,warming_up,,,,,,,,,,,,,,HO:v0:k0:r0,,,,,,
2.956504,2.959300500,,quintic,legacy,,,,,0,0.0,,gHO_sBM_cAll_d20_mHO5_ch01,,,0.000000,,,,,,,0.416404577,,0.000000,,,,,,,,,,0.500000,beat-sync,1.000000,1.000000,,0.000000000,0.193444893,right_wrist_yaw,0.308855921,left_wrist_yaw,0.193444893,right_wrist_yaw,0.388070404,left_wrist_yaw,-0.093199,0.125881,0.854434,-0.839635,0.000000000,0.000000000,0.000000000,0.000000000,0.000000000,0.000000000,,0.000000000,,,4.278120,3.344189,19.200538,,0.001477833,0,1,0,0,,,,,,,warming_up,,,,,,,,,,,,,,HO:v0:k0:r0,,,,,,
3.006457,3.009063200,,quintic,legacy,,,,,0,0.0,,gHO_sBM_cAll_d20_mHO5_ch01,,,0.000000,,,,,,,0.423440268,,0.000000,,,,,,,,,,0.500000,beat-sync,1.000000,1.000000,,0.000000000,0.194475502,right_wrist_yaw,0.759467483,right_wrist_roll,0.194475502,right_wrist_yaw,0.950641485,right_wrist_roll,-0.117185,0.117322,0.865045,-0.741752,0.000000000,0.000000000,0.000000000,0.000000000,0.000000000,0.000000000,,0.000000000,,,6.316611,5.083757,35.667915,,0.001452925,0,1,0,0,,,,,,,warming_up,,,,,,,,,,,,,,HO:v0:k0:r0,,,,,,
3.056135,3.059099100,,quintic,legacy,,,,,0,0.0,,gHO_sBM_cAll_d20_mHO5_ch01,,,0.000000,,,,,,,0.430437225,,0.000000,,,,,,,,,,0.500000,beat-sync,1.000000,1.000000,,0.000000000,0.197993338,right_wrist_roll,0.529734492,right_wrist_yaw,0.197993338,right_wrist_roll,0.655148202,right_wrist_yaw,-0.136482,0.107922,0.856627,-0.642427,0.000000000,0.000000000,0.000000000,0.000000000,0.000000000,0.000000000,,0.000000000,,,5.374252,4.263877,39.859216,,0.001428844,0,1,0,0,,,,,,,warming_up,,,,,,,,,,,,,,HO:v0:k0:r0,,,,,,
3.106245,3.108549200,,quintic,legacy,,,,,0,0.0,,gHO_sBM_cAll_d20_mHO5_ch01,,,0.000000,,,,,,,0.437494930,,0.000000,,,,,,,,,,0.500000,beat-sync,1.000000,1.000000,,0.000000000,0.188839689,right_wrist_roll,0.733857751,left_wrist_yaw,0.188839689,right_wrist_roll,0.984668598,left_wrist_yaw,-0.152293,0.098674,0.835060,-0.514255,0.000000000,0.000000000,0.000000000,0.000000000,0.000000000,0.000000000,,0.000000000,,,4.637520,3.779574,48.690157,,0.001405547,0,1,0,0,,,,,,,warming_up,,,,,,,,,,,,,,HO:v0:k0:r0,,,,,,
3.156230,3.158396100,,quintic,legacy,,,,,0,0.0,,gHO_sBM_cAll_d20_mHO5_ch01,,,0.000000,,,,,,,0.444535028,,0.000000,,,,,,,,,,0.500000,beat-sync,1.000000,1.000000,,0.000000000,0.170583427,right_wrist_roll,0.416670442,right_wrist_yaw,0.170583427,right_wrist_roll,0.555622819,right_wrist_yaw,-0.167927,0.096907,0.818195,-0.400729,0.000000000,0.000000000,0.000000000,0.000000000,0.000000000,0.000000000,,0.000000000,,,12.154708,10.093739,227.231747,,0.001382998,0,1,0,0,,,,,,,warming_up,,,,,,,,,,,,,,HO:v0:k0:r0,,,,,,
3.206176,3.208364400,,quintic,legacy,,,,,0,0.0,,gHO_sBM_cAll_d20_mHO5_ch01,,,0.000000,,,,,,,0.451569704,,0.000000,,,,,,,,,,0.500000,beat-sync,1.000000,1.000000,,0.000000000,0.163712278,right_wrist_yaw,0.616253614,left_wrist_yaw,0.163712278,right_wrist_yaw,0.802626758,left_wrist_yaw,-0.165044,0.099030,0.801344,-0.332060,0.000000000,0.000000000,0.000000000,0.000000000,0.000000000,0.000000000,,0.000000000,,,8.521444,7.059698,40.804526,,0.001361162,0,1,0,0,,,,,,,warming_up,,,,,,,,,,,,,,HO:v0:k0:r0,,,,,,
3.256607,3.258924600,,quintic,legacy,,,,,0,0.0,,gHO_sBM_cAll_d20_mHO5_ch01,,,0.000000,,,,,,,0.458672704,,0.000000,,,,,,,,,,0.500000,beat-sync,1.000000,1.000000,,0.000000000,0.152424246,right_wrist_yaw,0.499411225,left_wrist_yaw,0.152424246,right_wrist_yaw,0.577292618,left_wrist_yaw,-0.152910,0.099473,0.792205,-0.204937,0.000000000,0.000000000,0.000000000,0.000000000,0.000000000,0.000000000,,0.000000000,,,3.051273,2.593702,45.926113,,0.001340004,0,1,0,0,,,,,,,warming_up,,,,,,,,,,,,,,HO:v0:k0:r0,,,,,,
3.306205,3.308491100,,quintic,legacy,,,,,0,0.0,,gHO_sBM_cAll_d20_mHO5_ch01,,,0.000000,,,,,,,0.465658352,,0.000000,,,,,,,,,,0.500000,beat-sync,1.000000,1.000000,,0.000000000,0.163680255,right_wrist_roll,0.925149322,right_wrist_roll,0.163680255,right_wrist_roll,1.143888199,right_wrist_roll,-0.142654,0.098101,0.803232,-0.061412,0.000000000,0.000000000,0.000000000,0.000000000,0.000000000,0.000000000,,0.000000000,,,5.404842,4.502844,23.539650,,0.001319493,0,1,0,0,,,,,,,warming_up,,,,,,,,,,,,,,HO:v0:k0:r0,,,,,,
3.356340,3.359319200,,quintic,legacy,,,,,0,0.0,,gHO_sBM_cAll_d20_mHO5_ch01,,,0.000000,,,,,,,0.472719535,,0.000000,,,,,,,,,,0.500000,beat-sync,1.000000,1.000000,,0.000000000,0.217145517,right_wrist_roll,1.241469383,right_wrist_roll,0.217145517,right_wrist_roll,1.609179853,right_wrist_roll,-0.133737,0.091489,0.834324,0.078483,0.000000000,0.000000000,0.000000000,0.000000000,0.000000000,0.000000000,,0.000000000,,,6.096573,4.659306,54.310458,,0.001299601,0,1,0,0,,,,,,,warming_up,,,,,,,,,,,,,,HO:v0:k0:r0,,,,,,
3.406202,3.408401300,,quintic,legacy,,,,,0,0.0,,gHO_sBM_cAll_d20_mHO5_ch01,,,0.000000,,,,,,,0.479742423,,0.000000,,,,,,,,,,0.500000,beat-sync,1.000000,1.000000,,0.000000000,0.255654782,right_wrist_roll,0.549620390,right_wrist_roll,0.255654782,right_wrist_roll,0.683067113,right_wrist_roll,-0.128500,0.081542,0.864457,0.172748,0.000000000,0.000000000,0.000000000,0.000000000,0.000000000,0.000000000,,0.000000000,,,3.995870,3.313855,25.465097,,0.001280300,0,1,0,0,,,,,,,warming_up,,,,,,,,,,,,,,HO:v0:k0:r0,,,,,,
3.456939,3.460399100,,quintic,legacy,,,,,0,0.0,,gHO_sBM_cAll_d20_mHO5_ch01,,,0.000000,,,,,,,0.486888465,,0.000000,,,,,,,,,,0.500000,beat-sync,1.000000,1.000000,,0.000000000,0.261158794,right_wrist_roll,1.018706560,right_wrist_yaw,0.261158794,right_wrist_roll,1.051674451,right_wrist_yaw,-0.125236,0.067627,0.879107,0.212547,0.000000000,0.000000000,0.000000000,0.000000000,0.000000000,0.000000000,,0.000000000,,,3.812139,3.079137,64.822845,,0.001261564,0,1,0,0,,,,,,,warming_up,,,,,,,,,,,,,,HO:v0:k0:r0,,,,,,
3.506428,3.508611100,,quintic,legacy,,,,,0,0.0,,gHO_sBM_cAll_d20_mHO5_ch01,,,0.000000,,,,,,,0.493858732,,0.000000,,,,,,,,,,0.500000,beat-sync,1.000000,1.000000,,0.000000000,0.223756820,right_wrist_roll,1.120340824,right_wrist_yaw,0.223756820,right_wrist_roll,1.271230840,right_wrist_yaw,-0.123655,0.055071,0.877494,0.263654,0.000000000,0.000000000,0.000000000,0.000000000,0.000000000,0.000000000,,0.000000000,,,3.318445,2.830814,38.585117,,0.001243369,0,1,0,0,,,,,,,warming_up,,,,,,,,,,,,,,HO:v0:k0:r0,,,,,,
3.556486,3.559021000,,quintic,legacy,,,,,0,0.0,,gHO_sBM_cAll_d20_mHO5_ch01,,,0.000000,,,,,,,0.500909127,,0.000000,,,,,,,,,,0.500000,beat-sync,1.000000,1.000000,,0.000000000,0.167648330,right_wrist_roll,1.162599921,right_wrist_roll,0.167648330,right_wrist_roll,1.423164210,right_wrist_roll,-0.120832,0.044973,0.862305,0.355596,0.000000000,0.000000000,0.000000000,0.000000000,0.000000000,0.000000000,,0.000000000,,,3.821851,3.080140,24.060074,,0.001225690,0,1,0,0,,,,,,,warming_up,,,,,,,,,,,,,,HO:v0:k0:r0,,,,,,
3.606270,3.608843800,,quintic,legacy,,,,,0,0.0,,gHO_sBM_cAll_d20_mHO5_ch01,,,0.000000,,,,,,,0.507920915,,0.000000,,,,,,,,,,0.500000,beat-sync,1.000000,1.000000,,0.000000000,0.120726794,left_wrist_yaw,1.091450751,right_wrist_roll,0.120726794,left_wrist_yaw,1.267637096,right_wrist_roll,-0.113513,0.049856,0.840757,0.366524,0.000000000,0.000000000,0.000000000,0.000000000,0.000000000,0.000000000,,0.000000000,,,7.999895,6.502634,61.454688,,0.001208508,0,1,0,0,,,,,,,warming_up,,,,,,,,,,,,,,HO:v0:k0:r0,,,,,,
3.656303,3.659157100,,quintic,legacy,,,,,0,0.0,,gHO_sBM_cAll_d20_mHO5_ch01,,,0.000000,,,,,,,0.514967845,,0.000000,,,,,,,,,,0.500000,beat-sync,1.000000,1.000000,,0.000000000,0.088667788,left_wrist_roll,0.804045796,left_wrist_yaw,0.088667788,left_wrist_roll,0.990858247,left_wrist_yaw,-0.106391,0.050396,0.817144,0.344626,0.000000000,0.000000000,0.000000000,0.000000000,0.000000000,0.000000000,,0.000000000,,,11.192464,8.945241,76.048406,,0.001191800,0,1,0,0,,,,,,,warming_up,,,,,,,,,,,,,,HO:v0:k0:r0,,,,,,
3.706506,3.708933200,,quintic,legacy,,,,,0,0.0,,gHO_sBM_cAll_d20_mHO5_ch01,,,0.000000,,,,,,,0.522038775,,0.000000,,,,,,,,,,0.500000,beat-sync,1.000000,1.000000,,0.000000000,0.088145554,left_wrist_roll,1.371180117,left_wrist_roll,0.088145554,left_wrist_roll,1.751080543,left_wrist_roll,-0.096454,0.059821,0.793009,0.279253,0.000000000,0.000000000,0.000000000,0.000000000,0.000000000,0.000000000,,0.000000000,,,12.232352,9.992237,452.822504,,0.001175549,0,1,0,0,,,,,,,warming_up,,,,,,,,,,,,,,HO:v0:k0:r0,,,,,,
3.756543,3.758838800,,quintic,legacy,,,,,0,0.0,,gHO_sBM_cAll_d20_mHO5_ch01,,,0.000000,,,,,,,0.529086225,,0.000000,,,,,,,,,,0.500000,beat-sync,1.000000,1.000000,,0.000000000,0.100394808,left_wrist_roll,1.131212264,right_wrist_pitch,0.100394808,left_wrist_roll,1.338383291,right_wrist_pitch,-0.082674,0.081804,0.785380,0.215742,0.000000000,0.000000000,0.000000000,0.000000000,0.000000000,0.000000000,,0.000000000,,,11.411504,9.594245,194.487629,,0.001159734,0,1,0,0,,,,,,,warming_up,,,,,,,,,,,,,,HO:v0:k0:r0,,,,,,
3.806135,3.808532100,,quintic,legacy,,,,,0,0.0,,gHO_sBM_cAll_d20_mHO5_ch01,,,0.000000,,,,,,,0.536071000,,0.000000,,,,,,,,,,0.500000,beat-sync,1.000000,1.000000,,0.000000000,0.100741342,left_wrist_roll,0.638288241,right_wrist_pitch,0.100741342,left_wrist_roll,0.934645699,right_wrist_pitch,-0.080948,0.098563,0.799307,0.145400,0.000000000,0.000000000,0.000000000,0.000000000,0.000000000,0.000000000,,0.000000000,,,7.007730,5.575110,134.097404,,0.001144339,0,1,0,0,,,,,,,warming_up,,,,,,,,,,,,,,HO:v0:k0:r0,,,,,,
3.856134,3.858729800,,quintic,legacy,,,,,0,0.0,,gHO_sBM_cAll_d20_mHO5_ch01,,,0.000000,,,,,,,0.543113042,,0.000000,,,,,,,,,,0.500000,beat-sync,1.000000,1.000000,,0.000000000,0.105204016,left_wrist_roll,0.593733564,right_wrist_yaw,0.105204016,left_wrist_roll,0.764927369,right_wrist_yaw,-0.085385,0.116548,0.824189,0.035817,0.000000000,0.000000000,0.000000000,0.000000000,0.000000000,0.000000000,,0.000000000,,,4.147198,3.389175,52.993806,,0.001129348,0,1,0,0,,,,,,,warming_up,,,,,,,,,,,,,,HO:v0:k0:r0,,,,,,
3.906301,3.911159300,,quintic,legacy,,,,,0,0.0,,gHO_sBM_cAll_d20_mHO5_ch01,,,0.000000,,,,,,,0.550178873,,0.000000,,,,,,,,,,0.500000,beat-sync,1.000000,1.000000,,0.000000000,0.113119662,left_wrist_roll,0.181623437,right_wrist_yaw,0.113119662,left_wrist_roll,0.265452170,right_wrist_yaw,-0.091989,0.138076,0.840220,-0.122571,0.000000000,0.000000000,0.000000000,0.000000000,0.000000000,0.000000000,,0.000000000,,,1.933249,1.292755,52.501015,,0.001114744,0,1,0,0,,,,,,,warming_up,,,,,,,,,,,,,,HO:v0:k0:r0,,,,,,
3.956402,3.959444200,,quintic,legacy,,,,,0,0.0,,gHO_sBM_cAll_d20_mHO5_ch01,,,0.000000,,,,,,,0.557235338,,0.000000,,,,,,,,,,0.500000,beat-sync,1.000000,1.000000,,0.000000000,0.113200225,left_wrist_roll,0.000100583,right_wrist_yaw,0.113200225,left_wrist_roll,0.000121636,right_wrist_yaw,-0.096099,0.150481,0.838213,-0.308193,0.000000000,0.000000000,0.000000000,0.000000000,0.000000000,0.000000000,,0.000000000,,,0.000683,0.000554,0.018178,,0.001100514,0,1,0,0,,,,,,,warming_up,,,,,,,,,,,,,,HO:v0:k0:r0,,,,,,
4.006187,4.008391900,,quintic,legacy,,,,,0,0.0,,gHO_sBM_cAll_d20_mHO5_ch01,,,0.000000,,,,,,,0.564247254,,0.000000,,,,,,,,,,0.500000,beat-sync,1.000000,1.000000,,0.000000000,0.126639113,left_wrist_yaw,0.558061749,right_wrist_yaw,0.126639113,left_wrist_yaw,0.701805564,right_wrist_yaw,-0.108568,0.162215,0.826102,-0.443018,0.000000000,0.000000000,0.000000000,0.000000000,0.000000000,0.000000000,,0.000000000,,,11.394575,9.566096,113.735536,,0.001086642,0,1,0,0,,,,,,,warming_up,,,,,,,,,,,,,,HO:v0:k0:r0,,,,,,
4.056398,4.058989700,,quintic,legacy,,,,,0,0.0,,gHO_sBM_cAll_d20_mHO5_ch01,,,0.000000,,,,,,,0.571319268,,0.000000,,,,,,,,,,0.500000,beat-sync,1.000000,1.000000,,0.000000000,0.128626913,left_wrist_yaw,0.423770864,left_wrist_pitch,0.128626913,left_wrist_yaw,0.613243473,left_wrist_pitch,-0.124658,0.172120,0.810215,-0.561310,0.000000000,0.000000000,0.000000000,0.000000000,0.000000000,0.000000000,,0.000000000,,,11.447169,8.949060,420.210888,,0.001073115,0,1,0,0,,,,,,,warming_up,,,,,,,,,,,,,,HO:v0:k0:r0,,,,,,
4.106201,4.108960300,,quintic,legacy,,,,,0,0.0,,gHO_sBM_cAll_d20_mHO5_ch01,,,0.000000,,,,,,,0.578333845,,0.000000,,,,,,,,,,0.500000,beat-sync,1.000000,1.000000,,0.000000000,0.123715729,left_wrist_yaw,0.690722466,left_wrist_roll,0.123715729,left_wrist_yaw,0.859916122,left_wrist_roll,-0.134657,0.173767,0.799085,-0.650913,0.000000000,0.000000000,0.000000000,0.000000000,0.000000000,0.000000000,,0.000000000,,,6.418481,5.176249,121.394018,,0.001059921,0,1,0,0,,,,,,,warming_up,,,,,,,,,,,,,,HO:v0:k0:r0,,,,,,
4.156578,4.159128700,,quintic,legacy,,,,,0,0.0,,gHO_sBM_cAll_d20_mHO5_ch01,,,0.000000,,,,,,,0.585429183,,0.000000,,,,,,,,,,0.500000,beat-sync,1.000000,1.000000,,0.000000000,0.091707975,left_wrist_yaw,0.749427080,left_wrist_yaw,0.091707975,left_wrist_yaw,0.876916744,left_wrist_yaw,-0.128587,0.164785,0.795176,-0.738906,0.000000000,0.000000000,0.000000000,0.000000000,0.000000000,0.000000000,,0.000000000,,,4.152021,3.358456,81.583549,,0.001047047,0,1,0,0,,,,,,,warming_up,,,,,,,,,,,,,,HO:v0:k0:r0,,,,,,
4.206230,4.209077400,,quintic,legacy,,,,,0,0.0,,gHO_sBM_cAll_d20_mHO5_ch01,,,0.000000,,,,,,,0.592422394,,0.000000,,,,,,,,,,0.500000,beat-sync,1.000000,1.000000,,0.000000000,0.074303091,left_wrist_yaw,0.184909701,right_wrist_yaw,0.074303091,left_wrist_yaw,0.209221205,right_wrist_yaw,-0.113844,0.151437,0.804278,-0.844271,0.000000000,0.000000000,0.000000000,0.000000000,0.000000000,0.000000000,,0.000000000,,,4.550493,3.796717,56.781928,,0.001034483,0,1,0,0,,,,,,,warming_up,,,,,,,,,,,,,,HO:v0:k0:r0,,,,,,
4.256178,4.258499000,,quintic,legacy,,,,,0,0.0,,gHO_sBM_cAll_d20_mHO5_ch01,,,0.000000,,,,,,,0.599457268,,0.000000,,,,,,,,,,0.500000,beat-sync,1.000000,1.000000,,0.000000000,0.116630577,left_wrist_yaw,1.224702895,left_wrist_yaw,0.116630577,left_wrist_yaw,1.585055827,left_wrist_yaw,-0.099031,0.147675,0.832222,-0.999962,0.000000000,0.000000000,0.000000000,0.000000000,0.000000000,0.000000000,,0.000000000,,,6.718992,5.461025,65.595725,,0.001022216,0,1,0,0,,,,,,,warming_up,,,,,,,,,,,,,,HO:v0:k0:r0,,,,,,
4.306183,4.308495400,,quintic,legacy,,,,,0,0.0,,gHO_sBM_cAll_d20_mHO5_ch01,,,0.000000,,,,,,,0.606500211,,0.000000,,,,,,,,,,0.500000,beat-sync,1.000000,1.000000,,0.000000000,0.140274048,left_wrist_yaw,0.000000447,left_wrist_roll,0.140274048,left_wrist_yaw,0.000000581,left_wrist_roll,-0.084948,0.151994,0.860460,-1.109608,0.000000000,0.000000000,0.000000000,0.000000000,0.000000000,0.000000000,,0.000000000,,,0.000005,0.000004,0.068033,,0.001010237,0,1,0,0,,,,,,,warming_up,,,,,,,,,,,,,,HO:v0:k0:r0,,,,,,
4.356123,4.358001900,,quintic,legacy,,,,,0,0.0,,gHO_sBM_cAll_d20_mHO5_ch01,,,0.000000,,,,,,,0.613534085,,0.000000,,,,,,,,,,0.500000,beat-sync,1.000000,1.000000,,0.000000000,0.140274048,left_wrist_yaw,0.000000056,left_wrist_pitch,0.140274048,left_wrist_yaw,0.000000066,left_wrist_pitch,-0.073387,0.163101,0.877902,-1.150236,0.000000000,0.000000000,0.000000000,0.000000000,0.000000000,0.000000000,,0.000000000,,,0.000017,0.000015,0.003698,,0.000998535,0,1,0,0,,,,,,,warming_up,,,,,,,,,,,,,,HO:v0:k0:r0,,,,,,
4.406697,4.408635200,,quintic,legacy,,,,,0,0.0,,gHO_sBM_cAll_d20_mHO5_ch01,,,0.000000,,,,,,,0.620657239,,0.000000,,,,,,,,,,0.500000,beat-sync,1.000000,1.000000,,0.000000000,0.140274048,left_wrist_yaw,0.000000000,right_wrist_yaw,0.140274048,left_wrist_yaw,0.000000000,right_wrist_yaw,-0.058874,0.169632,0.874310,-1.153245,0.000000000,0.000000000,0.000000000,0.000000000,0.000000000,0.000000000,,0.000000000,,,0.000015,0.000014,0.001554,,0.000987102,0,1,0,0,,,,,,,warming_up,,,,,,,,,,,,,,HO:v0:k0:r0,,,,,,
4.456575,4.459294700,,quintic,legacy,,,,,0,0.0,,gHO_sBM_cAll_d20_mHO5_ch01,,,0.000000,,,,,,,0.627682225,,0.000000,,,,,,,,,,0.500000,beat-sync,1.000000,1.000000,,0.000000000,0.334778130,left_wrist_yaw,2.991585732,left_wrist_yaw,0.334778130,left_wrist_yaw,3.414070076,left_wrist_yaw,-0.039719,0.164362,0.853806,-1.167245,0.000000000,0.000000000,0.000000000,0.000000000,0.000000000,0.000000000,,0.000000000,,,3.414086,2.742423,529.937663,,0.000975927,0,1,0,0,,,,,,,warming_up,,,,,,,,,,,,,,HO:v0:k0:r0,,,,,,
4.506543,4.508513400,,quintic,legacy,,,,,0,0.0,,gHO_sBM_cAll_d20_mHO5_ch01,,,0.000000,,,,,,,0.634719958,,0.000000,,,,,,,,,,0.500000,beat-sync,1.000000,1.000000,,0.000000000,0.346249312,left_wrist_yaw,0.000000447,left_wrist_pitch,0.346249312,left_wrist_yaw,0.000000496,left_wrist_pitch,-0.024105,0.158182,0.837118,-1.170805,0.000000000,0.000000000,0.000000000,0.000000000,0.000000000,0.000000000,,0.000000000,,,0.000004,0.000003,0.001295,,0.000965003,0,1,0,0,,,,,,,warming_up,,,,,,,,,,,,,,HO:v0:k0:r0,,,,,,
4.556268,4.558034900,,quintic,legacy,,,,,0,0.0,,gHO_sBM_cAll_d20_mHO5_ch01,,,0.000000,,,,,,,0.641723535,,0.000000,,,,,,,,,,0.500000,beat-sync,1.000000,1.000000,,0.000000000,0.346249312,left_wrist_yaw,0.000000447,left_wrist_pitch,0.346249312,left_wrist_yaw,0.000000513,left_wrist_pitch,-0.018069,0.149996,0.821187,-1.138295,0.000000000,0.000000000,0.000000000,0.000000000,0.000000000,0.000000000,,0.000000000,,,0.000002,0.000002,0.000917,,0.000954320,0,1,0,0,,,,,,,warming_up,,,,,,,,,,,,,,HO:v0:k0:r0,,,,,,
4.606957,4.609167000,,quintic,legacy,,,,,0,0.0,,gHO_sBM_cAll_d20_mHO5_ch01,,,0.000000,,,,,,,0.648862845,,0.000000,,,,,,,,,,0.500000,beat-sync,1.000000,1.000000,,0.000000000,0.346249282,left_wrist_yaw,0.000007153,left_wrist_yaw,0.346249282,left_wrist_yaw,0.000007246,left_wrist_yaw,-0.026150,0.138603,0.810107,-1.075960,0.000000000,0.000000000,0.000000000,0.000000000,0.000000000,0.000000000,,0.000000000,,,0.000007,0.000006,0.001471,,0.000943871,0,1,0,0,,,,,,,warming_up,,,,,,,,,,,,,,HO:v0:k0:r0,,,,,,
4.656356,4.658742000,,quintic,legacy,,,,,0,0.0,,gHO_sBM_cAll_d20_mHO5_ch01,,,0.000000,,,,,,,0.655820423,,0.000000,,,,,,,,,,0.500000,beat-sync,1.000000,1.000000,,0.000000000,0.188845068,left_wrist_yaw,3.562434912,left_wrist_yaw,0.188845068,left_wrist_yaw,4.934913243,left_wrist_yaw,-0.036009,0.127604,0.816306,-1.015366,0.000000000,0.000000000,0.000000000,0.000000000,0.000000000,0.000000000,,0.000000000,,,12.364890,9.966031,473.537641,,0.000933649,0,1,0,0,,,,,,,warming_up,,,,,,,,,,,,,,HO:v0:k0:r0,,,,,,
4.706328,4.709285100,,quintic,legacy,,,,,0,0.0,,gHO_sBM_cAll_d20_mHO5_ch01,,,0.000000,,,,,,,0.662858732,,0.000000,,,,,,,,,,0.500000,beat-sync,1.000000,1.000000,,0.000000000,0.140043303,right_wrist_yaw,2.076021731,left_wrist_yaw,0.140043303,right_wrist_yaw,3.299923910,left_wrist_yaw,-0.056916,0.119490,0.835249,-0.949498,0.000000000,0.000000000,0.000000000,0.000000000,0.000000000,0.000000000,,0.000000000,,,4.517832,3.391641,151.129032,,0.000923645,0,1,0,0,,,,,,,warming_up,,,,,,,,,,,,,,HO:v0:k0:r0,,,,,,
4.756451,4.759059900,,quintic,legacy,,,,,0,0.0,,gHO_sBM_cAll_d20_mHO5_ch01,,,0.000000,,,,,,,0.669918254,,0.000000,,,,,,,,,,0.500000,beat-sync,1.000000,1.000000,,0.000000000,0.139220953,right_wrist_yaw,0.383382440,left_wrist_yaw,0.139220953,right_wrist_yaw,0.477392476,left_wrist_yaw,-0.082579,0.109355,0.853973,-0.845992,0.000000000,0.000000000,0.000000000,0.000000000,0.000000000,0.000000000,,0.000000000,,,5.268871,4.278452,161.810441,,0.000913854,0,1,0,0,,,,,,,warming_up,,,,,,,,,,,,,,HO:v0:k0:r0,,,,,,
4.806395,4.809105700,,quintic,legacy,,,,,0,0.0,,gHO_sBM_cAll_d20_mHO5_ch01,,,0.000000,,,,,,,0.676952732,,0.000000,,,,,,,,,,0.500000,beat-sync,1.000000,1.000000,,0.000000000,0.125815406,right_wrist_roll,0.473906994,right_wrist_yaw,0.125815406,right_wrist_roll,0.824386797,right_wrist_yaw,-0.108004,0.099564,0.855307,-0.731957,0.000000000,0.000000000,0.000000000,0.000000000,0.000000000,0.000000000,,0.000000000,,,8.709638,6.413675,215.156160,,0.000904268,0,1,0,0,,,,,,,warming_up,,,,,,,,,,,,,,HO:v0:k0:r0,,,,,,
4.857429,4.862713200,,quintic,legacy,,,,,0,0.0,,gHO_sBM_cAll_d20_mHO5_ch01,,,0.000000,,,,,,,0.684140535,,0.000000,,,,,,,,,,0.500000,beat-sync,1.000000,1.000000,,0.000000000,0.135648668,right_wrist_roll,0.579456822,left_wrist_yaw,0.135648668,right_wrist_roll,0.606070594,left_wrist_yaw,-0.127071,0.093517,0.840523,-0.539681,0.000000000,0.000000000,0.000000000,0.000000000,0.000000000,0.000000000,,0.000000000,,,6.564227,4.639635,187.222988,,0.000896432,0,1,0,0,,,,,,,warming_up,,,,,,,,,,,,,,HO:v0:k0:r0,,,,,,
4.907416,4.911501200,,quintic,legacy,,,,,0,0.0,,gHO_sBM_cAll_d20_mHO5_ch01,,,0.000000,,,,,,,0.691181028,,0.000000,,,,,,,,,,0.500000,beat-sync,1.000000,1.000000,,0.000000000,0.126383498,right_wrist_roll,0.341478065,left_wrist_yaw,0.126383498,right_wrist_roll,0.506091367,left_wrist_yaw,-0.145855,0.085005,0.818198,-0.379436,0.000000000,0.000000000,0.000000000,0.000000000,0.000000000,0.000000000,,0.000000000,,,5.579980,3.884837,106.324696,,0.000887206,0,1,0,0,,,,,,,warming_up,,,,,,,,,,,,,,HO:v0:k0:r0,,,,,,
4.956717,4.960589000,,quintic,legacy,,,,,0,0.0,,gHO_sBM_cAll_d20_mHO5_ch01,,,0.000000,,,,,,,0.698124746,,0.000000,,,,,,,,,,0.500000,beat-sync,1.000000,1.000000,,0.000000000,0.109798923,right_wrist_roll,0.572678447,left_wrist_yaw,0.109798923,right_wrist_roll,0.784688808,left_wrist_yaw,-0.157759,0.083166,0.806030,-0.289025,0.000000000,0.000000000,0.000000000,0.000000000,0.000000000,0.000000000,,0.000000000,,,12.526722,8.822408,196.851519,,0.000878169,0,1,0,0,,,,,,,warming_up,,,,,,,,,,,,,,HO:v0:k0:r0,,,,,,
5.006760,5.116470400,,quintic,legacy,,,,,0,0.0,,gHO_sBM_cAll_d20_mHO5_ch01,,,0.000000,,,,,,,0.705173127,,0.000000,,,,,,,,,,0.500000,beat-sync,1.000000,1.000000,,0.000000000,0.090072274,right_wrist_roll,0.792497993,right_wrist_yaw,0.090072274,right_wrist_roll,1.161271309,right_wrist_yaw,-0.152889,0.085832,0.794222,-0.208328,0.000000000,0.000000000,0.000000000,0.000000000,0.000000000,0.000000000,,0.000000000,,,13.231508,0.658791,76.106653,,0.000869313,0,1,0,0,,,,,,,warming_up,,,,,,,,,,,,,,HO:v0:k0:r0,,,,,,
5.141840,5.152657700,,quintic,legacy,,,,,1,0.0,,gHO_sBM_cAll_d20_mHO5_ch01,,,0.000000,,,,,,,0.724198479,,0.000000,,,,,,,,,,0.500000,beat-sync,1.000000,1.000000,,0.000000000,0.197673947,right_wrist_roll,12.912200689,right_wrist_roll,0.197673947,right_wrist_roll,3.670007108,right_wrist_roll,-0.128750,0.078225,0.831897,0.129491,0.000000000,0.000000000,0.000000000,0.000000000,0.000000000,0.000000000,,0.000000000,,,20.515739,13.001178,361.225010,right_elbow;right_shoulder_pitch,0.000983569,0,1,0,0,,,,,,,warming_up,,,,,,,,,,,,,,HO:v0:k0:r0,,,,,,
5.169947,5.246962900,,quintic,legacy,,,,,0,0.0,,gHO_sBM_cAll_d20_mHO5_ch01,,,0.000000,,,,,,,0.728157197,,0.000000,,,,,,,,,,0.500000,beat-sync,1.000000,1.000000,,0.000000000,0.225761324,right_wrist_roll,3.370485306,right_wrist_roll,0.225761324,right_wrist_roll,1.149619045,right_wrist_roll,-0.125474,0.071340,0.849198,0.197437,0.000000000,0.000000000,0.000000000,0.000000000,0.000000000,0.000000000,,0.000000000,,,9.066020,2.870503,153.126983,,0.000981921,0,1,0,0,,,,,,,warming_up,,,,,,,,,,,,,,HO:v0:k0:r0,,,,,,
5.259204,5.269605800,,quintic,legacy,,,,,0,0.0,,gHO_sBM_cAll_d20_mHO5_ch01,,,0.000000,,,,,,,0.740728521,,0.000000,,,,,,,,,,0.500000,beat-sync,1.000000,1.000000,,0.000000000,0.207537368,right_wrist_roll,9.445584118,left_wrist_yaw,0.207537368,right_wrist_roll,2.466988052,left_wrist_yaw,-0.125314,0.041270,0.876379,0.277865,0.000000000,0.000000000,0.000000000,0.000000000,0.000000000,0.000000000,,0.000000000,,,9.336690,7.463991,155.131087,,0.000980279,0,1,0,0,,,,,,,warming_up,,,,,,,,,,,,,,HO:v0:k0:r0,,,,,,
5.303293,5.305790100,,quintic,legacy,,,,,0,0.0,,gHO_sBM_cAll_d20_mHO5_ch01,,,0.000000,,,,,,,0.746938239,,0.000000,,,,,,,,,,0.500000,beat-sync,1.000000,1.000000,,0.000000000,0.165426254,left_wrist_yaw,1.360010505,right_wrist_roll,0.165426254,left_wrist_yaw,1.784004041,right_wrist_roll,-0.123979,0.028420,0.867957,0.343230,0.000000000,0.000000000,0.000000000,0.000000000,0.000000000,0.000000000,,0.000000000,,,4.376234,3.514886,144.493907,,0.000973766,0,1,0,0,,,,,,,warming_up,,,,,,,,,,,,,,HO:v0:k0:r0,,,,,,
5.353519,5.355963700,,quintic,legacy,,,,,0,0.0,,gHO_sBM_cAll_d20_mHO5_ch01,,,0.000000,,,,,,,0.754012310,,0.000000,,,,,,,,,,0.500000,beat-sync,1.000000,1.000000,,0.000000000,0.163286597,left_wrist_yaw,1.208191216,right_wrist_roll,0.163286597,left_wrist_yaw,1.475851676,right_wrist_roll,-0.118155,0.026603,0.847376,0.412275,0.000000000,0.000000000,0.000000000,0.000000000,0.000000000,0.000000000,,0.000000000,,,8.169161,6.861274,166.603749,,0.000964156,0,1,0,0,,,,,,,warming_up,,,,,,,,,,,,,,HO:v0:k0:r0,,,,,,
5.403580,5.405681100,,quintic,legacy,,,,,0,0.0,,gHO_sBM_cAll_d20_mHO5_ch01,,,0.000000,,,,,,,0.761063296,,0.000000,,,,,,,,,,0.500000,beat-sync,1.000000,1.000000,,0.000000000,0.138762102,left_wrist_roll,0.743823051,right_wrist_roll,0.138762102,left_wrist_roll,0.877431265,right_wrist_roll,-0.111829,0.029653,0.827554,0.410203,0.000000000,0.000000000,0.000000000,0.000000000,0.000000000,0.000000000,,0.000000000,,,9.222056,7.836917,168.279589,,0.000954734,0,1,0,0,,,,,,,warming_up,,,,,,,,,,,,,,HO:v0:k0:r0,,,,,,
5.453692,5.456032500,,quintic,legacy,,,,,0,0.0,,gHO_sBM_cAll_d20_mHO5_ch01,,,0.000000,,,,,,,0.768121296,,0.000000,,,,,,,,,,0.500000,beat-sync,1.000000,1.000000,,0.000000000,0.131255746,left_wrist_roll,0.392410755,left_wrist_yaw,0.131255746,left_wrist_roll,0.522278417,left_wrist_yaw,-0.107624,0.036179,0.805366,0.367067,0.000000000,0.000000000,0.000000000,0.000000000,0.000000000,0.000000000,,0.000000000,,,12.028273,9.797755,555.865002,,0.000945495,0,1,0,0,,,,,,,warming_up,,,,,,,,,,,,,,HO:v0:k0:r0,,,,,,
5.503642,5.506249500,,quintic,legacy,,,,,0,0.0,,gHO_sBM_cAll_d20_mHO5_ch01,,,0.000000,,,,,,,0.775156521,,0.000000,,,,,,,,,,0.500000,beat-sync,1.000000,1.000000,,0.000000000,0.134370357,left_wrist_roll,1.431165040,right_wrist_pitch,0.134370357,left_wrist_roll,1.857893435,right_wrist_pitch,-0.097978,0.055857,0.797145,0.312109,0.000000000,0.000000000,0.000000000,0.000000000,0.000000000,0.000000000,,0.000000000,,,11.746692,9.294180,431.877037,,0.000936433,0,1,0,0,,,,,,,warming_up,,,,,,,,,,,,,,HO:v0:k0:r0,,,,,,
5.553996,5.556166400,,quintic,legacy,,,,,0,0.0,,gHO_sBM_cAll_d20_mHO5_ch01,,,0.000000,,,,,,,0.782248563,,0.000000,,,,,,,,,,0.500000,beat-sync,1.000000,1.000000,,0.000000000,0.136327654,left_wrist_roll,0.622456670,right_wrist_pitch,0.136327654,left_wrist_roll,0.786919750,right_wrist_pitch,-0.097557,0.077700,0.804980,0.244949,0.000000000,0.000000000,0.000000000,0.000000000,0.000000000,0.000000000,,0.000000000,,,5.302188,4.425786,283.342648,,0.000927543,0,1,0,0,,,,,,,warming_up,,,,,,,,,,,,,,HO:v0:k0:r0,,,,,,
5.603839,5.606036500,,quintic,legacy,,,,,0,0.0,,gHO_sBM_cAll_d20_mHO5_ch01,,,0.000000,,,,,,,0.789268690,,0.000000,,,,,,,,,,0.500000,beat-sync,1.000000,1.000000,,0.000000000,0.124761254,left_wrist_roll,0.080999807,right_wrist_yaw,0.124761254,left_wrist_roll,0.095840973,right_wrist_yaw,-0.103353,0.100863,0.829159,0.125108,0.000000000,0.000000000,0.000000000,0.000000000,0.000000000,0.000000000,,0.000000000,,,1.106929,0.928979,202.440636,,0.000918820,0,1,0,0,,,,,,,warming_up,,,,,,,,,,,,,,HO:v0:k0:r0,,,,,,
5.653285,5.655430100,,quintic,legacy,,,,,0,0.0,,gHO_sBM_cAll_d20_mHO5_ch01,,,0.000000,,,,,,,0.796232930,,0.000000,,,,,,,,,,0.500000,beat-sync,1.000000,1.000000,,0.000000000,0.126747459,left_wrist_roll,0.194500610,right_wrist_yaw,0.126747459,left_wrist_roll,0.275685612,right_wrist_yaw,-0.112090,0.126086,0.846215,-0.017716,0.000000000,0.000000000,0.000000000,0.000000000,0.000000000,0.000000000,,0.000000000,,,1.648656,1.349297,900.648124,,0.000910259,0,1,0,0,,,,,,,warming_up,,,,,,,,,,,,,,HO:v0:k0:r0,,,,,,
5.703744,5.705711100,,quintic,legacy,,,,,0,0.0,,gHO_sBM_cAll_d20_mHO5_ch01,,,0.000000,,,,,,,0.803339873,,0.000000,,,,,,,,,,0.500000,beat-sync,1.000000,1.000000,,0.000000000,0.127284586,left_wrist_roll,0.000000894,left_wrist_yaw,0.127284586,left_wrist_roll,0.000000967,left_wrist_yaw,-0.119716,0.146134,0.845692,-0.177180,0.000000000,0.000000000,0.000000000,0.000000000,0.000000000,0.000000000,,0.000000000,,,0.000008,0.000007,0.001622,,0.000901857,0,1,0,0,,,,,,,warming_up,,,,,,,,,,,,,,HO:v0:k0:r0,,,,,,
5.754035,5.758607300,,quintic,legacy,,,,,0,0.0,,gHO_sBM_cAll_d20_mHO5_ch01,,,0.000000,,,,,,,0.810423070,,0.000000,,,,,,,,,,0.500000,beat-sync,1.000000,1.000000,,0.000000000,0.127284586,left_wrist_roll,0.000000000,right_wrist_yaw,0.127284586,left_wrist_roll,0.000000000,right_wrist_yaw,-0.128697,0.161587,0.831557,-0.351742,0.000000000,0.000000000,0.000000000,0.000000000,0.000000000,0.000000000,,0.000000000,,,0.000000,0.000000,0.000099,,0.000893608,0,1,0,0,,,,,,,warming_up,,,,,,,,,,,,,,HO:v0:k0:r0,,,,,,
5.804881,5.807245600,,quintic,legacy,,,,,0,0.0,,gHO_sBM_cAll_d20_mHO5_ch01,,,0.000000,,,,,,,0.817584479,,0.000000,,,,,,,,,,0.500000,beat-sync,1.000000,1.000000,,0.000000000,0.150050849,left_wrist_yaw,1.175828576,left_wrist_yaw,0.150050849,left_wrist_yaw,1.235134809,left_wrist_yaw,-0.142784,0.175008,0.813926,-0.522465,0.000000000,0.000000000,0.000000000,0.000000000,0.000000000,0.000000000,,0.000000000,,,10.880274,9.250192,1090.028839,,0.001823107,0,1,0,0,,,,,,,warming_up,,,,,,,,,,,,,,HO:v0:k0:r0,,,,,,
5.853340,5.855914200,,quintic,legacy,,,,,0,0.0,,gHO_sBM_cAll_d20_mHO5_ch01,,,0.000000,,,,,,,0.824409662,,0.000000,,,,,,,,,,0.500000,beat-sync,1.000000,1.000000,,0.000000000,0.170866489,left_wrist_yaw,0.564481616,left_wrist_roll,0.170866489,left_wrist_yaw,0.814477269,left_wrist_roll,-0.153717,0.180239,0.801429,-0.648799,0.000000000,0.000000000,0.000000000,0.000000000,0.000000000,0.000000000,,0.000000000,,,7.241797,5.645466,173.291329,,0.001806731,0,1,0,0,,,,,,,warming_up,,,,,,,,,,,,,,HO:v0:k0:r0,,,,,,
5.903369,5.905789900,,quintic,legacy,,,,,0,0.0,,gHO_sBM_cAll_d20_mHO5_ch01,,,0.000000,,,,,,,0.831456056,,0.000000,,,,,,,,,,0.500000,beat-sync,1.000000,1.000000,,0.000000000,0.158646792,left_wrist_yaw,0.588453412,left_wrist_yaw,0.158646792,left_wrist_yaw,0.885782127,left_wrist_yaw,-0.151614,0.175704,0.794009,-0.738768,0.000000000,0.000000000,0.000000000,0.000000000,0.000000000,0.000000000,,0.000000000,,,4.794157,3.794055,144.538479,,0.001790648,0,1,0,0,,,,,,,warming_up,,,,,,,,,,,,,,HO:v0:k0:r0,,,,,,
5.953281,5.955678600,,quintic,legacy,,,,,0,0.0,,gHO_sBM_cAll_d20_mHO5_ch01,,,0.000000,,,,,,,0.838485944,,0.000000,,,,,,,,,,0.500000,beat-sync,1.000000,1.000000,,0.000000000,0.131902844,left_wrist_yaw,0.119057894,left_wrist_yaw,0.131902844,left_wrist_yaw,0.148826088,left_wrist_yaw,-0.137530,0.163747,0.798170,-0.846755,0.000000000,0.000000000,0.000000000,0.000000000,0.000000000,0.000000000,,0.000000000,,,5.342048,4.399027,140.002469,,0.001774848,0,1,0,0,,,,,,,warming_up,,,,,,,,,,,,,,HO:v0:k0:r0,,,,,,
6.003656,6.005948800,,quintic,legacy,,,,,0,0.0,,gHO_sBM_cAll_d20_mHO5_ch01,,,0.000000,,,,,,,0.845581014,,0.000000,,,,,,,,,,0.500000,beat-sync,1.000000,1.000000,,0.000000000,0.164144799,left_wrist_yaw,1.047756672,left_wrist_yaw,0.164144799,left_wrist_yaw,1.301975128,left_wrist_yaw,-0.119943,0.154798,0.821515,-0.992501,0.000000000,0.000000000,0.000000000,0.000000000,0.000000000,0.000000000,,0.000000000,,,5.398806,4.510686,103.263915,,0.001759324,0,1,0,0,,,,,,,warming_up,,,,,,,,,,,,,,HO:v0:k0:r0,,,,,,
6.053419,6.055549800,,quintic,legacy,,,,,0,0.0,,gHO_sBM_cAll_d20_mHO5_ch01,,,0.000000,,,,,,,0.852589845,,0.000000,,,,,,,,,,0.500000,beat-sync,1.000000,1.000000,,0.000000000,0.187111080,left_wrist_yaw,0.000000224,right_wrist_pitch,0.187111080,left_wrist_yaw,0.000000288,right_wrist_pitch,-0.102353,0.157644,0.852038,-1.101620,0.000000000,0.000000000,0.000000000,0.000000000,0.000000000,0.000000000,,0.000000000,,,0.000009,0.000008,0.000982,,0.001744070,0,1,0,0,,,,,,,warming_up,,,,,,,,,,,,,,HO:v0:k0:r0,,,,,,
6.103746,6.107003500,,quintic,legacy,,,,,0,0.0,,gHO_sBM_cAll_d20_mHO5_ch01,,,0.000000,,,,,,,0.859678085,,0.000000,,,,,,,,,,0.500000,beat-sync,1.000000,1.000000,,0.000000000,0.187111080,left_wrist_yaw,0.000000224,right_wrist_pitch,0.187111080,left_wrist_yaw,0.000000348,right_wrist_pitch,-0.089786,0.166908,0.871243,-1.141197,0.000000000,0.000000000,0.000000000,0.000000000,0.000000000,0.000000000,,0.000000000,,,0.000022,0.000016,0.003032,,0.001729078,0,1,0,0,,,,,,,warming_up,,,,,,,,,,,,,,HO:v0:k0:r0,,,,,,
6.165157,6.171127000,,quintic,legacy,,,,,0,0.0,,gHO_sBM_cAll_d20_mHO5_ch01,,,0.000000,,,,,,,0.868327662,,0.000000,,,,,,,,,,0.500000,beat-sync,1.000000,1.000000,,0.000000000,0.187111080,left_wrist_yaw,0.000000000,right_wrist_yaw,0.187111080,left_wrist_yaw,0.000000000,right_wrist_yaw,-0.073393,0.179392,0.868414,-1.130939,0.000000000,0.000000000,0.000000000,0.000000000,0.000000000,0.000000000,,0.000000000,,,0.000000,0.000000,0.000133,,0.001719226,0,1,0,0,,,,,,,warming_up,,,,,,,,,,,,,,HO:v0:k0:r0,,,,,,
6.205029,6.209358900,,quintic,legacy,,,,,1,0.0,,gHO_sBM_cAll_d20_mHO5_ch01,,,0.000000,,,,,,,0.873943310,,0.000000,,,,,,,,,,0.500000,beat-sync,1.000000,1.000000,,0.000000000,0.254021943,left_wrist_yaw,7.856596112,left_wrist_yaw,0.241219799,left_wrist_yaw,9.281132042,left_wrist_roll,-0.059367,0.182148,0.856542,-1.142381,0.000000000,0.000000000,0.000000000,0.000000000,0.000000000,0.000000000,,0.000000000,,,11.537058,5.940285,648.472261,left_elbow;left_hip_pitch;left_hip_roll;left_hip_yaw;left_knee;left_shoulder_yaw;left_wrist_roll;left_wrist_yaw;right_ankle_roll;right_elbow;right_hip_roll;right_shoulder_pitch;right_shoulder_roll,0.002344437,0,1,0,0,,,,,,,warming_up,,,,,,,,,,,,,,HO:v0:k0:r0,,,,,,
6.256764,6.262707100,,quintic,legacy,,,,,0,0.0,,gHO_sBM_cAll_d20_mHO5_ch01,,,0.000000,,,,,,,0.881229958,,0.000000,,,,,,,,,,0.500000,beat-sync,1.000000,1.000000,,0.000000000,0.397918403,left_wrist_yaw,0.000000000,right_wrist_yaw,0.397918403,left_wrist_yaw,0.000000000,right_wrist_yaw,-0.045049,0.179299,0.843205,-1.150885,0.000000000,0.000000000,0.000000000,0.000000000,0.000000000,0.000000000,,0.000000000,,,0.000008,0.000005,0.001160,,0.003244866,0,1,0,0,,,,,,,warming_up,,,,,,,,,,,,,,HO:v0:k0:r0,,,,,,
6.313314,6.318000000,,quintic,legacy,,,,,0,0.0,,gHO_sBM_cAll_d20_mHO5_ch01,,,0.000000,,,,,,,0.889194718,,0.000000,,,,,,,,,,0.500000,beat-sync,1.000000,1.000000,,0.000000000,0.397918403,left_wrist_yaw,0.000003576,left_wrist_roll,0.397918403,left_wrist_yaw,0.000002355,left_wrist_roll,-0.037527,0.174304,0.830610,-1.119262,0.000000000,0.000000000,0.000000000,0.000000000,0.000000000,0.000000000,,0.000000000,,,0.000002,0.000002,0.000210,,0.003231252,0,1,0,0,,,,,,,warming_up,,,,,,,,,,,,,,HO:v0:k0:r0,,,,,,
6.355836,6.362804400,,quintic,legacy,,,,,0,0.0,,gHO_sBM_cAll_d20_mHO5_ch01,,,0.000000,,,,,,,0.895183817,,0.000000,,,,,,,,,,0.500000,beat-sync,1.000000,1.000000,,0.000000000,0.397918403,left_wrist_yaw,0.000000894,left_wrist_pitch,0.397918403,left_wrist_yaw,0.000000535,left_wrist_pitch,-0.044766,0.167042,0.816367,-1.078609,0.000000000,0.000000000,0.000000000,0.000000000,0.000000000,0.000000000,,0.000000000,,,0.000004,0.000003,0.000306,,0.003213275,0,1,0,0,,,,,,,warming_up,,,,,,,,,,,,,,HO:v0:k0:r0,,,,,,
6.401760,6.407196100,,quintic,legacy,,,,,0,0.0,,gHO_sBM_cAll_d20_mHO5_ch01,,,0.000000,,,,,,,0.901651930,,0.000000,,,,,,,,,,0.500000,beat-sync,1.000000,1.000000,,0.000000000,0.397918433,left_wrist_yaw,0.000003576,left_wrist_yaw,0.397918433,left_wrist_yaw,0.000002306,left_wrist_yaw,-0.058588,0.154944,0.812935,-1.004142,0.000000000,0.000000000,0.000000000,0.000000000,0.000000000,0.000000000,,0.000000000,,,0.000002,0.000002,0.000248,,0.003195498,0,1,0,0,,,,,,,warming_up,,,,,,,,,,,,,,HO:v0:k0:r0,,,,,,
6.467459,6.469940600,,quintic,legacy,,,,,0,0.0,,gHO_sBM_cAll_d20_mHO5_ch01,,,0.000000,,,,,,,0.910905380,,0.000000,,,,,,,,,,0.500000,beat-sync,1.000000,1.000000,,0.000000000,0.117003024,right_wrist_roll,10.769489408,left_wrist_yaw,0.117003024,right_wrist_roll,5.450665046,left_wrist_yaw,-0.082096,0.140442,0.835619,-0.947317,0.000000000,0.000000000,0.000000000,0.000000000,0.000000000,0.000000000,,0.000000000,,,15.555194,14.346489,502.714379,,0.004310345,0,1,0,0,,,,,,,warming_up,,,,,,,,,,,,,,HO:v0:k0:r0,,,,,,
6.504828,6.515470200,,quintic,legacy,,,,,0,0.0,,gHO_sBM_cAll_d20_mHO5_ch01,,,0.000000,,,,,,,0.916168535,,0.000000,,,,,,,,,,0.500000,beat-sync,1.000000,1.000000,,0.000000000,0.113978028,right_wrist_roll,4.127515554,left_wrist_yaw,0.113978028,right_wrist_roll,1.724730878,left_wrist_yaw,-0.097746,0.131632,0.850184,-0.899215,0.000000000,0.000000000,0.000000000,0.000000000,0.000000000,0.000000000,,0.000000000,,,4.150882,2.828951,160.131413,,0.004298536,0,1,0,0,,,,,,,warming_up,,,,,,,,,,,,,,HO:v0:k0:r0,,,,,,
6.552576,6.559701900,,quintic,legacy,,,,,0,0.0,,gHO_sBM_cAll_d20_mHO5_ch01,,,0.000000,,,,,,,0.922893676,,0.000000,,,,,,,,,,0.500000,beat-sync,1.000000,1.000000,,0.000000000,0.121353999,right_wrist_roll,1.688888669,left_wrist_yaw,0.121353999,right_wrist_roll,0.720860082,left_wrist_yaw,-0.118323,0.120825,0.861850,-0.797524,0.000000000,0.000000000,0.000000000,0.000000000,0.000000000,0.000000000,,0.000000000,,,6.024380,5.613328,95.751762,,0.004286791,0,1,0,0,,,,,,,warming_up,,,,,,,,,,,,,,HO:v0:k0:r0,,,,,,
6.606889,6.616477400,,quintic,legacy,,,,,0,0.0,,gHO_sBM_cAll_d20_mHO5_ch01,,,0.000000,,,,,,,0.930543408,,0.000000,,,,,,,,,,0.500000,beat-sync,1.000000,1.000000,,0.000000000,0.141639680,right_wrist_roll,1.673161089,right_wrist_yaw,0.141639680,right_wrist_roll,0.601915399,right_wrist_yaw,-0.139160,0.108873,0.855078,-0.688265,0.000000000,0.000000000,0.000000000,0.000000000,0.000000000,0.000000000,,0.000000000,,,5.807205,5.430780,43.825800,,0.004275110,0,1,0,0,,,,,,,warming_up,,,,,,,,,,,,,,HO:v0:k0:r0,,,,,,
6.653423,6.659395700,,quintic,legacy,,,,,0,0.0,,gHO_sBM_cAll_d20_mHO5_ch01,,,0.000000,,,,,,,0.937097394,,0.000000,,,,,,,,,,0.500000,beat-sync,1.000000,1.000000,,0.000000000,0.147074059,right_wrist_roll,0.310561359,left_wrist_yaw,0.147074059,right_wrist_roll,0.317871123,left_wrist_yaw,-0.153762,0.099379,0.846016,-0.556832,0.000000000,0.000000000,0.000000000,0.000000000,0.000000000,0.000000000,,0.000000000,,,3.909219,2.551665,175.998994,,0.004251939,0,1,0,0,,,,,,,warming_up,,,,,,,,,,,,,,HO:v0:k0:r0,,,,,,
6.702895,6.711054600,,quintic,legacy,,,,,0,0.0,,gHO_sBM_cAll_d20_mHO5_ch01,,,0.000000,,,,,,,0.944065310,,0.000000,,,,,,,,,,0.500000,beat-sync,1.000000,1.000000,,0.000000000,0.155163199,right_wrist_yaw,1.715374589,right_wrist_yaw,0.155163199,right_wrist_yaw,0.999097566,right_wrist_yaw,-0.163644,0.090564,0.839744,-0.458205,0.000000000,0.000000000,0.000000000,0.000000000,0.000000000,0.000000000,,0.000000000,,,6.095457,4.061093,145.549767,,0.004240447,0,1,0,0,,,,,,,warming_up,,,,,,,,,,,,,,HO:v0:k0:r0,,,,,,
6.755202,6.762493100,,quintic,legacy,,,,,0,0.0,,gHO_sBM_cAll_d20_mHO5_ch01,,,0.000000,,,,,,,0.951432507,,0.000000,,,,,,,,,,0.500000,beat-sync,1.000000,1.000000,,0.000000000,0.169721276,right_wrist_yaw,0.865950063,right_wrist_pitch,0.169721276,right_wrist_yaw,0.495329031,right_wrist_pitch,-0.157603,0.083824,0.836409,-0.399747,0.000000000,0.000000000,0.000000000,0.000000000,0.000000000,0.000000000,,0.000000000,,,6.290940,4.467755,173.765416,,0.004229018,0,1,0,0,,,,,,,warming_up,,,,,,,,,,,,,,HO:v0:k0:r0,,,,,,
6.801009,6.806282700,,quintic,legacy,,,,,0,0.0,,gHO_sBM_cAll_d20_mHO5_ch01,,,0.000000,,,,,,,0.957884183,,0.000000,,,,,,,,,,0.500000,beat-sync,1.000000,1.000000,,0.000000000,0.144275457,right_wrist_yaw,1.845892668,right_wrist_yaw,0.144275457,right_wrist_yaw,1.095677738,right_wrist_yaw,-0.150394,0.080554,0.830369,-0.300102,0.000000000,0.000000000,0.000000000,0.000000000,0.000000000,0.000000000,,0.000000000,,,6.640234,5.134644,222.467365,,0.004217649,0,1,0,0,,,,,,,warming_up,,,,,,,,,,,,,,HO:v0:k0:r0,,,,,,
6.862324,6.868464700,,quintic,legacy,,,,,0,0.0,,gHO_sBM_cAll_d20_mHO5_ch01,,,0.000000,,,,,,,0.966520155,,0.000000,,,,,,,,,,0.500000,beat-sync,1.000000,1.000000,,0.000000000,0.101749659,right_wrist_yaw,0.827404261,right_wrist_yaw,0.101749659,right_wrist_yaw,0.544846741,right_wrist_yaw,-0.141566,0.078837,0.827582,-0.079774,0.000000000,0.000000000,0.000000000,0.000000000,0.000000000,0.000000000,,0.000000000,,,4.759510,3.413077,44.186426,,0.004189494,0,1,0,0,,,,,,,warming_up,,,,,,,,,,,,,,HO:v0:k0:r0,,,,,,
6.910995,6.913667300,,quintic,legacy,,,,,0,0.0,,gHO_sBM_cAll_d20_mHO5_ch01,,,0.000000,,,,,,,0.973375155,,0.000000,,,,,,,,,,0.500000,beat-sync,1.000000,1.000000,,0.000000000,0.091913790,right_wrist_yaw,0.175026096,left_wrist_yaw,0.091913790,right_wrist_yaw,0.119783092,left_wrist_yaw,-0.133766,0.075142,0.836136,0.083581,0.000000000,0.000000000,0.000000000,0.000000000,0.000000000,0.000000000,,0.000000000,,,5.977696,5.252645,187.582696,,0.004172781,0,1,0,0,,,,,,,warming_up,,,,,,,,,,,,,,HO:v0:k0:r0,,,,,,
6.952431,6.955463200,,quintic,legacy,,,,,0,0.0,,gHO_sBM_cAll_d20_mHO5_ch01,,,0.000000,,,,,,,0.979211239,,0.000000,,,,,,,,,,0.500000,beat-sync,1.000000,1.000000,,0.000000000,0.115633085,right_wrist_yaw,0.508360863,right_wrist_yaw,0.115633085,right_wrist_yaw,0.692201193,right_wrist_yaw,-0.123343,0.071459,0.843182,0.223121,0.000000000,0.000000000,0.000000000,0.000000000,0.000000000,0.000000000,,0.000000000,,,1.768752,1.360858,114.606783,,0.004145219,0,1,0,0,,,,,,,warming_up,,,,,,,,,,,,,,HO:v0:k0:r0,,,,,,
7.003075,7.006222900,,quintic,legacy,,,,,0,0.0,,gHO_sBM_cAll_d20_mHO5_ch01,,,0.000000,,,,,,,0.986344211,,0.000000,,,,,,,,,,0.500000,beat-sync,1.000000,1.000000,,0.000000000,0.115634963,right_wrist_yaw,0.000000447,right_wrist_roll,0.115634963,right_wrist_yaw,0.000000498,right_wrist_roll,-0.117626,0.064296,0.850071,0.317506,0.000000000,0.000000000,0.000000000,0.000000000,0.000000000,0.000000000,,0.000000000,,,0.000016,0.000013,0.003011,,0.004112623,0,1,0,0,,,,,,,warming_up,,,,,,,,,,,,,,HO:v0:k0:r0,,,,,,
7.052352,7.054724100,,quintic,legacy,,,,,0,0.0,,gHO_sBM_cAll_d20_mHO5_ch01,,,0.000000,,,,,,,0.993284577,,0.000000,,,,,,,,,,0.500000,beat-sync,1.000000,1.000000,,0.000000000,0.115634963,right_wrist_yaw,0.000000447,right_wrist_roll,0.115634963,right_wrist_yaw,0.000000604,right_wrist_roll,-0.117171,0.061488,0.853830,0.378845,0.000000000,0.000000000,0.000000000,0.000000000,0.000000000,0.000000000,,0.000000000,,,0.000019,0.000016,0.005835,,0.004080535,0,1,0,0,,,,,,,warming_up,,,,,,,,,,,,,,HO:v0:k0:r0,,,,,,
7.111023,7.114892200,terminal_frame,quintic,legacy,,,,,0,0.0,,gHO_sBM_cAll_d20_mHO5_ch01,,,0.000000,,7.111023,,0.000000,,,1.000000000,,0.000000,,,,,,,,,,0.500000,beat-sync,1.000000,1.000000,,0.000000000,0.115634963,right_wrist_yaw,0.000000894,right_wrist_yaw,0.115634963,right_wrist_yaw,0.000000577,right_wrist_yaw,-0.113547,0.061061,0.850867,0.397680,0.000000000,0.000000000,0.000000000,0.000000000,0.000000000,0.000000000,,0.000000000,,,0.000009,0.000008,0.000970,,0.004054174,0,1,0,0,,,,,,,warming_up,,,,,,,,,,,,,,HO:v0:k0:r0,,,,,,
7.116726,7.121321900,switch_start,quintic,legacy,,,,,0,0.0,,gHO_sBM_cAll_d20_mHO5_ch01,,,0.000000,,7.111023,0,0.005702,gHO_sBM_cAll_d20_mHO5_ch01,replay_no_suitable_ready_motion,1.000000000,0.000000000,0.000000,replay_no_suitable_ready_motion,0.000000000,0.264978,0.119891,0.330308,0.500000,0.317165,0.000000,4.437500,0.350000,beat-sync,1.000000,1.000000,1.000000,0.000000000,0.115634963,right_wrist_yaw,0.000000000,right_wrist_yaw,0.115634963,right_wrist_yaw,0.000000000,right_wrist_yaw,-0.113547,0.061061,0.850867,0.397680,0.000000000,0.000000000,0.000000000,0.000000000,0.000000000,0.000000000,,0.000000000,,,0.000000,0.000000,0.001171,,0.004048943,0,1,0,0,,,,,,,warming_up,,,,,,,,,,,,,,HO:v0:k0:r0,,,,,,
7.160801,7.164252700,,quintic,legacy,,,,,0,0.0,,gHO_sBM_cAll_d20_mHO5_ch01,,,0.000000,,7.111023,0,0.005702,gHO_sBM_cAll_d20_mHO5_ch01,replay_no_suitable_ready_motion,1.000000000,0.000000000,0.125929,replay_no_suitable_ready_motion,0.000000000,0.264978,0.119891,0.330308,0.500000,0.317165,0.000000,4.437500,0.350000,beat-sync,1.000000,1.000000,1.000000,0.000000000,0.114915569,right_wrist_yaw,0.048052041,right_wrist_yaw,0.114915569,right_wrist_yaw,0.050563638,right_wrist_yaw,-0.113547,0.061061,0.850513,0.397816,0.000000000,0.000000000,0.000000000,0.000000000,0.000000000,0.000000000,,0.000000000,,,0.863250,0.656894,29.294748,,0.004022989,0,1,0,0,,,,,,,warming_up,,,,,,,,,,,,,,HO:v0:k0:r0,,,,,,
7.201132,7.206761700,,quintic,legacy,,,,,0,0.0,,gHO_sBM_cAll_d20_mHO5_ch01,,,0.000000,,7.111023,0,0.005702,gHO_sBM_cAll_d20_mHO5_ch01,replay_no_suitable_ready_motion,1.000000000,0.000000000,0.241162,replay_no_suitable_ready_motion,0.000000000,0.264978,0.119891,0.330308,0.500000,0.317165,0.000000,4.437500,0.350000,beat-sync,1.000000,1.000000,1.000000,0.000000000,0.111490350,right_wrist_yaw,0.073323264,right_wrist_yaw,0.111490350,right_wrist_yaw,0.179197372,right_wrist_yaw,-0.113547,0.061061,0.848826,0.398399,0.000000000,0.000000000,0.000000000,0.000000000,0.000000000,0.000000000,,0.000000000,,,3.059357,1.313001,142.005207,,0.003997364,0,1,0,0,,,,,,,warming_up,,,,,,,,,,,,,,HO:v0:k0:r0,,,,,,
7.254399,7.261583000,,quintic,legacy,,,,,0,0.0,,gHO_sBM_cAll_d20_mHO5_ch01,,,0.000000,,7.111023,0,0.005702,gHO_sBM_cAll_d20_mHO5_ch01,replay_no_suitable_ready_motion,1.000000000,0.000000000,0.393353,replay_no_suitable_ready_motion,0.000000000,0.264978,0.119891,0.330308,0.500000,0.317165,0.000000,4.437500,0.350000,beat-sync,1.000000,1.000000,1.000000,0.000000000,0.102201297,right_wrist_yaw,0.292959154,right_wrist_yaw,0.102201297,right_wrist_yaw,0.288822067,right_wrist_yaw,-0.113547,0.061061,0.844251,0.399464,0.000000000,0.000000000,0.000000000,0.000000000,0.000000000,0.000000000,,0.000000000,,,4.930930,3.213396,3.734335,,0.003972065,0,1,0,0,,,,,,,warming_up,,,,,,,,,,,,,,HO:v0:k0:r0,,,,,,
7.382457,7.507695700,,quintic,legacy,,,,,0,0.0,,gHO_sBM_cAll_d20_mHO5_ch01,,,0.000000,,7.111023,0,0.005702,gHO_sBM_cAll_d20_mHO5_ch01,replay_no_suitable_ready_motion,1.000000000,0.000000000,0.759234,replay_no_suitable_ready_motion,0.000000000,0.264978,0.119891,0.330308,0.500000,0.317165,0.000000,4.437500,0.350000,beat-sync,1.000000,1.000000,1.000000,0.000000000,0.075864102,right_wrist_yaw,3.160463391,right_wrist_yaw,0.075864102,right_wrist_yaw,0.157286753,right_wrist_yaw,-0.113547,0.061061,0.831279,0.398393,0.000000000,0.000000000,0.000000000,0.000000000,0.000000000,0.000000000,,0.000000000,,,2.685286,1.959071,5.465025,,0.003967043,0,1,0,0,,,,,,,warming_up,,,,,,,,,,,,,,HO:v0:k0:r0,,,,,,
7.518275,7.522252600,switch_complete,quintic,legacy,,,,,0,0.0,,gHO_sBM_cAll_d20_mHO5_ch01,,,0.000000,,7.111023,0,,,replay_no_suitable_ready_motion,0.000000000,0.000000000,1.000000,replay_no_suitable_ready_motion,0.000000000,0.264978,0.119891,0.330308,0.500000,0.317165,0.000000,4.437500,0.350000,beat-sync,1.000000,1.000000,,0.000000000,0.071736909,right_wrist_yaw,0.495263120,right_wrist_yaw,0.071736909,right_wrist_yaw,0.146596077,right_wrist_yaw,-0.113547,0.061061,0.829246,0.397680,0.000000000,0.000000000,0.000000000,0.000000000,0.000000000,0.000000000,,0.000000000,,,2.502769,2.259888,9.647944,,0.003962034,0,1,0,0,,,,,,,warming_up,,,,,,,,,,,,,,HO:v0:k0:r0,,,,,,
7.525733,7.528690700,post_switch_continuity,quintic,legacy,,,,,0,0.0,,gHO_sBM_cAll_d20_mHO5_ch01,,,0.000000,,7.111023,0,,,replay_no_suitable_ready_motion,0.000000000,,0.000000,replay_no_suitable_ready_motion,0.000000000,0.264978,0.119891,0.330308,0.500000,0.317165,0.000000,4.437500,0.350000,beat-sync,1.000000,1.000000,,0.000000000,0.071736909,right_wrist_yaw,0.000000000,left_wrist_roll,0.071736909,right_wrist_yaw,0.000000000,left_wrist_roll,-0.113547,0.061061,0.829246,0.397680,0.000000000,0.000000000,0.000000000,0.000000000,0.000000000,0.000000000,,0.000000000,,,0.000000,0.000000,351.296064,,0.003957038,0,1,0,0,,,,,,,warming_up,,,,,,,,,,,,,,HO:v0:k0:r0,,,,,,
7.551409,7.555486100,,quintic,legacy,,,,,0,0.0,,gHO_sBM_cAll_d20_mHO5_ch01,,,0.000000,,7.111023,0,,,replay_no_suitable_ready_motion,0.003616324,,0.000000,replay_no_suitable_ready_motion,0.000000000,0.264978,0.119891,0.330308,0.500000,0.317165,0.000000,4.437500,0.350000,beat-sync,1.000000,1.000000,,0.000000000,0.111940078,right_wrist_yaw,0.296115484,left_wrist_pitch,0.111940078,right_wrist_yaw,0.365596337,left_wrist_pitch,-0.117852,0.057392,0.810161,0.344572,0.000000000,0.000000000,0.000000000,0.000000000,0.000000000,0.000000000,,0.000000000,,,12.520896,8.809382,654.780552,,0.004202045,0,1,0,0,,,,,,,warming_up,,,,,,,,,,,,,,HO:v0:k0:r0,,,,,,
7.600424,7.603130300,,quintic,legacy,,,,,0,0.0,,gHO_sBM_cAll_d20_mHO5_ch01,,,0.000000,,7.111023,0,,,replay_no_suitable_ready_motion,0.010519887,,0.000000,replay_no_suitable_ready_motion,0.000000000,0.264978,0.119891,0.330308,0.500000,0.317165,0.000000,4.437500,0.350000,beat-sync,1.000000,1.000000,,0.000000000,0.080679849,right_wrist_yaw,1.236218512,right_wrist_yaw,0.080679849,right_wrist_yaw,1.540067711,right_wrist_yaw,-0.119015,0.065810,0.791369,0.305644,0.000000000,0.000000000,0.000000000,0.000000000,0.000000000,0.000000000,,0.000000000,,,11.481174,9.415326,252.219229,,0.004213604,0,1,0,0,,,,,,,warming_up,,,,,,,,,,,,,,HO:v0:k0:r0,,,,,,
7.650324,7.653399100,,quintic,legacy,,,,,0,0.0,,gHO_sBM_cAll_d20_mHO5_ch01,,,0.000000,,7.111023,0,,,replay_no_suitable_ready_motion,0.017548028,,0.000000,replay_no_suitable_ready_motion,0.000000000,0.264978,0.119891,0.330308,0.500000,0.317165,0.000000,4.437500,0.350000,beat-sync,1.000000,1.000000,,0.000000000,0.046824180,left_wrist_roll,0.711172074,right_wrist_yaw,0.046824180,left_wrist_roll,0.816977151,right_wrist_yaw,-0.116014,0.072007,0.783953,0.273150,0.000000000,0.000000000,0.000000000,0.000000000,0.000000000,0.000000000,,0.000000000,,,2.319804,1.906628,599.713571,,0.004187497,0,1,0,0,,,,,,,warming_up,,,,,,,,,,,,,,HO:v0:k0:r0,,,,,,
7.700644,7.703432700,,quintic,legacy,,,,,0,0.0,,gHO_sBM_cAll_d20_mHO5_ch01,,,0.000000,,7.111023,0,,,replay_no_suitable_ready_motion,0.024635366,,0.000000,replay_no_suitable_ready_motion,0.000000000,0.264978,0.119891,0.330308,0.500000,0.317165,0.000000,4.437500,0.350000,beat-sync,1.000000,1.000000,,0.000000000,0.050269425,left_wrist_roll,1.206040531,right_wrist_roll,0.050269425,left_wrist_roll,1.416019184,right_wrist_roll,-0.107002,0.086802,0.784382,0.216796,0.000000000,0.000000000,0.000000000,0.000000000,0.000000000,0.000000000,,0.000000000,,,5.684125,4.730783,373.329328,,0.004156593,0,1,0,0,,,,,,,warming_up,,,,,,,,,,,,,,HO:v0:k0:r0,,,,,,
7.750480,7.753059900,,quintic,legacy,,,,,0,0.0,,gHO_sBM_cAll_d20_mHO5_ch01,,,0.000000,,7.111023,0,,,replay_no_suitable_ready_motion,0.031654549,,0.000000,replay_no_suitable_ready_motion,0.000000000,0.264978,0.119891,0.330308,0.500000,0.317165,0.000000,4.437500,0.350000,beat-sync,1.000000,1.000000,,0.000000000,0.053308044,left_wrist_roll,0.480108708,right_wrist_yaw,0.053308044,left_wrist_roll,0.569523972,right_wrist_yaw,-0.105716,0.100969,0.793053,0.179736,0.000000000,0.000000000,0.000000000,0.000000000,0.000000000,0.000000000,,0.000000000,,,6.656036,5.619693,115.419524,,0.004126142,0,1,0,0,,,,,,,warming_up,,,,,,,,,,,,,,HO:v0:k0:r0,,,,,,
7.800535,7.803325000,,quintic,legacy,,,,,0,0.0,,gHO_sBM_cAll_d20_mHO5_ch01,,,0.000000,,7.111023,0,,,replay_no_suitable_ready_motion,0.038704423,,0.000000,replay_no_suitable_ready_motion,0.000000000,0.264978,0.119891,0.330308,0.500000,0.317165,0.000000,4.437500,0.350000,beat-sync,1.000000,1.000000,,0.000000000,0.063528538,left_wrist_yaw,0.353872776,left_wrist_yaw,0.063528538,left_wrist_yaw,0.449560918,left_wrist_yaw,-0.114753,0.113928,0.813658,0.151750,0.000000000,0.000000000,0.000000000,0.000000000,0.000000000,0.000000000,,0.000000000,,,6.685405,5.336024,56.965423,,0.004096134,0,1,0,0,,,,,,,warming_up,,,,,,,,,,,,,,HO:v0:k0:r0,,,,,,
7.850744,7.853570600,,quintic,legacy,,,,,0,0.0,,gHO_sBM_cAll_d20_mHO5_ch01,,,0.000000,,7.111023,0,,,replay_no_suitable_ready_motion,0.045776127,,0.000000,replay_no_suitable_ready_motion,0.000000000,0.264978,0.119891,0.330308,0.500000,0.317165,0.000000,4.437500,0.350000,beat-sync,1.000000,1.000000,,0.000000000,0.089534476,left_wrist_yaw,0.862399042,left_wrist_yaw,0.089534476,left_wrist_yaw,1.002071820,left_wrist_yaw,-0.125412,0.128565,0.831430,0.039303,0.000000000,0.000000000,0.000000000,0.000000000,0.000000000,0.000000000,,0.000000000,,,2.818243,2.341940,161.686801,,0.004066559,0,1,0,0,,,,,,,warming_up,,,,,,,,,,,,,,HO:v0:k0:r0,,,,,,
7.900294,7.902790500,,quintic,legacy,,,,,0,0.0,,gHO_sBM_cAll_d20_mHO5_ch01,,,0.000000,,7.111023,0,,,replay_no_suitable_ready_motion,0.052755113,,0.000000,replay_no_suitable_ready_motion,0.000000000,0.264978,0.119891,0.330308,0.500000,0.317165,0.000000,4.437500,0.350000,beat-sync,1.000000,1.000000,,0.000000000,0.122283518,left_wrist_yaw,0.482423007,left_wrist_yaw,0.122283518,left_wrist_yaw,0.579445334,left_wrist_yaw,-0.140390,0.140408,0.831929,-0.086554,0.000000000,0.000000000,0.000000000,0.000000000,0.000000000,0.000000000,,0.000000000,,,5.568618,4.666748,115.828806,,0.004037408,0,1,0,0,,,,,,,warming_up,,,,,,,,,,,,,,HO:v0:k0:r0,,,,,,
7.950517,7.953110200,,quintic,legacy,,,,,0,0.0,,gHO_sBM_cAll_d20_mHO5_ch01,,,0.000000,,7.111023,0,,,replay_no_suitable_ready_motion,0.059828648,,0.000000,replay_no_suitable_ready_motion,0.000000000,0.264978,0.119891,0.330308,0.500000,0.317165,0.000000,4.437500,0.350000,beat-sync,1.000000,1.000000,,0.000000000,0.127820671,left_wrist_yaw,0.360932350,left_wrist_yaw,0.127820671,left_wrist_yaw,0.455646723,left_wrist_yaw,-0.156189,0.148017,0.817402,-0.184380,0.000000000,0.000000000,0.000000000,0.000000000,0.000000000,0.000000000,,0.000000000,,,4.401842,3.673730,97.361683,,0.004008672,0,1,0,0,,,,,,,warming_up,,,,,,,,,,,,,,HO:v0:k0:r0,,,,,,
8.000550,8.003575300,,quintic,legacy,,,,,0,0.0,,gHO_sBM_cAll_d20_mHO5_ch01,,,0.000000,,7.111023,0,,,replay_no_suitable_ready_motion,0.066875535,,0.000000,replay_no_suitable_ready_motion,0.000000000,0.264978,0.119891,0.330308,0.500000,0.317165,0.000000,4.437500,0.350000,beat-sync,1.000000,1.000000,,0.000000000,0.124335803,left_wrist_yaw,0.222381111,right_wrist_roll,0.124335803,left_wrist_yaw,0.282996751,right_wrist_roll,-0.178460,0.149887,0.804470,-0.258215,0.000000000,0.000000000,0.000000000,0.000000000,0.000000000,0.000000000,,0.000000000,,,9.545217,7.790936,709.264975,,0.003980342,0,1,0,0,,,,,,,warming_up,,,,,,,,,,,,,,HO:v0:k0:r0,,,,,,
8.050768,8.053932500,,quintic,legacy,,,,,0,0.0,,gHO_sBM_cAll_d20_mHO5_ch01,,,0.000000,,7.111023,0,,,replay_no_suitable_ready_motion,0.073948606,,0.000000,replay_no_suitable_ready_motion,0.000000000,0.264978,0.119891,0.330308,0.500000,0.317165,0.000000,4.437500,0.350000,beat-sync,1.000000,1.000000,,0.000000000,0.109366745,left_wrist_yaw,0.577777326,right_wrist_yaw,0.109366745,left_wrist_yaw,0.784401135,right_wrist_yaw,-0.191157,0.140786,0.798964,-0.300481,0.000000000,0.000000000,0.000000000,0.000000000,0.000000000,0.000000000,,0.000000000,,,8.393814,6.577841,96.300934,,0.003952410,0,1,0,0,,,,,,,warming_up,,,,,,,,,,,,,,HO:v0:k0:r0,,,,,,
8.100550,8.103506200,,quintic,legacy,,,,,0,0.0,,gHO_sBM_cAll_d20_mHO5_ch01,,,0.000000,,7.111023,0,,,replay_no_suitable_ready_motion,0.080960183,,0.000000,replay_no_suitable_ready_motion,0.000000000,0.264978,0.119891,0.330308,0.500000,0.317165,0.000000,4.437500,0.350000,beat-sync,1.000000,1.000000,,0.000000000,0.088307142,left_wrist_yaw,0.679133087,right_wrist_pitch,0.088307142,left_wrist_yaw,0.855055659,right_wrist_pitch,-0.189015,0.130070,0.799087,-0.343050,0.000000000,0.000000000,0.000000000,0.000000000,0.000000000,0.000000000,,0.000000000,,,5.203204,4.139996,302.157843,,0.003924867,0,1,0,0,,,,,,,warming_up,,,,,,,,,,,,,,HO:v0:k0:r0,,,,,,
8.150883,8.153475600,,quintic,legacy,,,,,0,0.0,,gHO_sBM_cAll_d20_mHO5_ch01,,,0.000000,,7.111023,0,,,replay_no_suitable_ready_motion,0.088049254,,0.000000,replay_no_suitable_ready_motion,0.000000000,0.264978,0.119891,0.330308,0.500000,0.317165,0.000000,4.437500,0.350000,beat-sync,1.000000,1.000000,,0.000000000,0.072826497,left_wrist_yaw,0.252762213,right_wrist_yaw,0.072826497,left_wrist_yaw,0.301083746,right_wrist_yaw,-0.182792,0.123627,0.805174,-0.509307,0.000000000,0.000000000,0.000000000,0.000000000,0.000000000,0.000000000,,0.000000000,,,7.843030,6.565483,103.325853,,0.003897705,0,1,0,0,,,,,,,warming_up,,,,,,,,,,,,,,HO:v0:k0:r0,,,,,,
8.200470,8.203177300,,quintic,legacy,,,,,0,0.0,,gHO_sBM_cAll_d20_mHO5_ch01,,,0.000000,,7.111023,0,,,replay_no_suitable_ready_motion,0.095033408,,0.000000,replay_no_suitable_ready_motion,0.000000000,0.264978,0.119891,0.330308,0.500000,0.317165,0.000000,4.437500,0.350000,beat-sync,1.000000,1.000000,,0.000000000,0.088016212,left_wrist_yaw,0.694921017,left_wrist_yaw,0.088016212,left_wrist_yaw,0.914518970,left_wrist_yaw,-0.170166,0.137773,0.817234,-0.677708,0.000000000,0.000000000,0.000000000,0.000000000,0.000000000,0.000000000,,0.000000000,,,5.068588,4.098455,147.720113,,0.003870917,0,1,0,0,,,,,,,warming_up,,,,,,,,,,,,,,HO:v0:k0:r0,,,,,,
8.250500,8.252906200,,quintic,legacy,,,,,0,0.0,,gHO_sBM_cAll_d20_mHO5_ch01,,,0.000000,,7.111023,0,,,replay_no_suitable_ready_motion,0.102079775,,0.000000,replay_no_suitable_ready_motion,0.000000000,0.264978,0.119891,0.330308,0.500000,0.317165,0.000000,4.437500,0.350000,beat-sync,1.000000,1.000000,,0.000000000,0.096194118,left_wrist_yaw,0.000000112,right_wrist_yaw,0.096194118,left_wrist_yaw,0.000000130,right_wrist_yaw,-0.164213,0.150066,0.840268,-0.745594,0.000000000,0.000000000,0.000000000,0.000000000,0.000000000,0.000000000,,0.000000000,,,0.000017,0.000014,0.005158,,0.003844494,0,1,0,0,,,,,,,warming_up,,,,,,,,,,,,,,HO:v0:k0:r0,,,,,,
8.300382,8.303050800,,quintic,legacy,,,,,0,0.0,,gHO_sBM_cAll_d20_mHO5_ch01,,,0.000000,,7.111023,0,,,replay_no_suitable_ready_motion,0.109105465,,0.000000,replay_no_suitable_ready_motion,0.000000000,0.264978,0.119891,0.330308,0.500000,0.317165,0.000000,4.437500,0.350000,beat-sync,1.000000,1.000000,,0.000000000,0.096194118,left_wrist_yaw,0.000000112,right_wrist_yaw,0.096194118,left_wrist_yaw,0.000000129,right_wrist_yaw,-0.156373,0.154560,0.860010,-0.773474,0.000000000,0.000000000,0.000000000,0.000000000,0.000000000,0.000000000,,0.000000000,,,0.000033,0.000028,0.005117,,0.003818430,0,1,0,0,,,,,,,warming_up,,,,,,,,,,,,,,HO:v0:k0:r0,,,,,,
8.350920,8.357328200,,quintic,legacy,,,,,0,0.0,,gHO_sBM_cAll_d20_mHO5_ch01,,,0.000000,,7.111023,0,,,replay_no_suitable_ready_motion,0.116223479,,0.000000,replay_no_suitable_ready_motion,0.000000000,0.264978,0.119891,0.330308,0.500000,0.317165,0.000000,4.437500,0.350000,beat-sync,1.000000,1.000000,,0.000000000,0.096203707,left_wrist_yaw,0.000127852,left_wrist_yaw,0.096203707,left_wrist_yaw,0.000288759,left_wrist_yaw,-0.146810,0.152469,0.868044,-0.818636,0.000000000,0.000000000,0.000000000,0.000000000,0.000000000,0.000000000,,0.000000000,,,0.000291,0.000130,0.037131,,0.003792716,0,1,0,0,,,,,,,warming_up,,,,,,,,,,,,,,HO:v0:k0:r0,,,,,,
8.409173,8.419352000,,quintic,legacy,,,,,0,0.0,,gHO_sBM_cAll_d20_mHO5_ch01,,,0.000000,,7.111023,0,,,replay_no_suitable_ready_motion,0.124428127,,0.000000,replay_no_suitable_ready_motion,0.000000000,0.264978,0.119891,0.330308,0.500000,0.317165,0.000000,4.437500,0.350000,beat-sync,1.000000,1.000000,,0.000000000,0.096203707,left_wrist_yaw,0.000000894,left_wrist_yaw,0.096203707,left_wrist_yaw,0.000000438,left_wrist_yaw,-0.132899,0.157034,0.853123,-0.786494,0.000000000,0.000000000,0.000000000,0.000000000,0.000000000,0.000000000,,0.000000000,,,0.000007,0.000005,0.000253,,0.003775766,0,1,0,0,,,,,,,warming_up,,,,,,,,,,,,,,HO:v0:k0:r0,,,,,,
8.458909,8.466214900,,quintic,legacy,,,,,0,0.0,,gHO_sBM_cAll_d20_mHO5_ch01,,,0.000000,,7.111023,0,,,replay_no_suitable_ready_motion,0.131433169,,0.000000,replay_no_suitable_ready_motion,0.000000000,0.264978,0.119891,0.330308,0.500000,0.317165,0.000000,4.437500,0.350000,beat-sync,1.000000,1.000000,,0.000000000,0.377790332,left_wrist_yaw,5.760054588,left_wrist_yaw,0.377790332,left_wrist_yaw,3.236429369,left_wrist_yaw,-0.123157,0.162989,0.837400,-0.756357,0.000000000,0.000000000,0.000000000,0.000000000,0.000000000,0.000000000,,0.000000000,,,13.326061,12.012131,317.560142,,0.003993549,0,1,0,0,,,,,,,warming_up,,,,,,,,,,,,,,HO:v0:k0:r0,,,,,,
8.507032,8.516303600,,quintic,legacy,,,,,0,0.0,,gHO_sBM_cAll_d20_mHO5_ch01,,,0.000000,,7.111023,0,,,replay_no_suitable_ready_motion,0.138211070,,0.000000,replay_no_suitable_ready_motion,0.000000000,0.264978,0.119891,0.330308,0.500000,0.317165,0.000000,4.437500,0.350000,beat-sync,1.000000,1.000000,,0.000000000,0.352330923,left_wrist_yaw,1.402652264,left_wrist_yaw,0.352330923,left_wrist_yaw,0.888541913,left_wrist_yaw,-0.118402,0.161398,0.825289,-0.717229,0.000000000,0.000000000,0.000000000,0.000000000,0.000000000,0.000000000,,0.000000000,,,8.975082,7.019328,421.079253,,0.003980252,0,1,0,0,,,,,,,warming_up,,,,,,,,,,,,,,HO:v0:k0:r0,,,,,,
8.556819,8.565143200,,quintic,legacy,,,,,0,0.0,,gHO_sBM_cAll_d20_mHO5_ch01,,,0.000000,,7.111023,0,,,replay_no_suitable_ready_motion,0.145223324,,0.000000,replay_no_suitable_ready_motion,0.000000000,0.264978,0.119891,0.330308,0.500000,0.317165,0.000000,4.437500,0.350000,beat-sync,1.000000,1.000000,,0.000000000,0.306158066,left_wrist_yaw,2.272176147,left_wrist_roll,0.306158066,left_wrist_yaw,1.923701472,left_wrist_roll,-0.123915,0.154746,0.811537,-0.684706,0.000000000,0.000000000,0.000000000,0.000000000,0.000000000,0.000000000,,0.000000000,,,6.464327,4.942573,280.890667,,0.003967043,0,1,0,0,,,,,,,warming_up,,,,,,,,,,,,,,HO:v0:k0:r0,,,,,,
8.601613,8.606373700,,quintic,legacy,,,,,0,0.0,,gHO_sBM_cAll_d20_mHO5_ch01,,,0.000000,,7.111023,0,,,replay_no_suitable_ready_motion,0.151532338,,0.000000,replay_no_suitable_ready_motion,0.000000000,0.264978,0.119891,0.330308,0.500000,0.317165,0.000000,4.437500,0.350000,beat-sync,1.000000,1.000000,,0.000000000,0.207457066,left_wrist_yaw,7.571017742,left_wrist_yaw,0.207457066,left_wrist_yaw,3.383574103,left_wrist_yaw,-0.132032,0.141615,0.805246,-0.625760,0.000000000,0.000000000,0.000000000,0.000000000,0.000000000,0.000000000,,0.000000000,,,9.215093,7.769664,289.942952,,0.003958286,0,1,0,0,,,,,,,warming_up,,,,,,,,,,,,,,HO:v0:k0:r0,,,,,,
8.656806,8.661431300,,quintic,legacy,,,,,0,0.0,,gHO_sBM_cAll_d20_mHO5_ch01,,,0.000000,,7.111023,0,,,replay_no_suitable_ready_motion,0.159306056,,0.000000,replay_no_suitable_ready_motion,0.000000000,0.264978,0.119891,0.330308,0.500000,0.317165,0.000000,4.437500,0.350000,beat-sync,1.000000,1.000000,,0.000000000,0.152110025,right_wrist_yaw,1.526682973,left_wrist_yaw,0.152110025,right_wrist_yaw,2.038774096,left_wrist_yaw,-0.139987,0.129491,0.814499,-0.586427,0.000000000,0.000000000,0.000000000,0.000000000,0.000000000,0.000000000,,0.000000000,,,8.044766,5.801566,263.905731,,0.004007864,0,1,0,0,,,,,,,warming_up,,,,,,,,,,,,,,HO:v0:k0:r0,,,,,,
8.702587,8.711644600,,quintic,legacy,,,,,0,0.0,,gHO_sBM_cAll_d20_mHO5_ch01,,,0.000000,,7.111023,0,,,replay_no_suitable_ready_motion,0.165754070,,0.000000,replay_no_suitable_ready_motion,0.000000000,0.264978,0.119891,0.330308,0.500000,0.317165,0.000000,4.437500,0.350000,beat-sync,1.000000,1.000000,,0.000000000,0.172542453,right_wrist_yaw,0.000033975,right_wrist_yaw,0.172542453,right_wrist_yaw,0.000047559,right_wrist_yaw,-0.154615,0.118643,0.835549,-0.534392,0.000000000,0.000000000,0.000000000,0.000000000,0.000000000,0.000000000,,0.000000000,,,0.000075,0.000042,50.072089,,0.003990363,0,1,0,0,,,,,,,warming_up,,,,,,,,,,,,,,HO:v0:k0:r0,,,,,,
8.756083,8.758807400,,quintic,legacy,,,,,0,0.0,,gHO_sBM_cAll_d20_mHO5_ch01,,,0.000000,,7.111023,0,,,replay_no_suitable_ready_motion,0.173288761,,0.000000,replay_no_suitable_ready_motion,0.000000000,0.264978,0.119891,0.330308,0.500000,0.317165,0.000000,4.437500,0.350000,beat-sync,1.000000,1.000000,,0.000000000,0.172542453,right_wrist_yaw,0.000000056,left_wrist_pitch,0.172542453,right_wrist_yaw,0.000000062,left_wrist_pitch,-0.171414,0.102959,0.850553,-0.438594,0.000000000,0.000000000,0.000000000,0.000000000,0.000000000,0.000000000,,0.000000000,,,0.000002,0.000002,0.000208,,0.003968700,0,1,0,0,,,,,,,warming_up,,,,,,,,,,,,,,HO:v0:k0:r0,,,,,,
8.807631,8.814167400,,quintic,legacy,,,,,0,0.0,,gHO_sBM_cAll_d20_mHO5_ch01,,,0.000000,,7.111023,0,,,replay_no_suitable_ready_motion,0.180548972,,0.000000,replay_no_suitable_ready_motion,0.000000000,0.264978,0.119891,0.330308,0.500000,0.317165,0.000000,4.437500,0.350000,beat-sync,1.000000,1.000000,,0.000000000,0.210736006,right_wrist_yaw,5.238273740,right_wrist_roll,0.210736006,right_wrist_yaw,3.232161560,right_wrist_roll,-0.184221,0.091706,0.848306,-0.343636,0.000000000,0.000000000,0.000000000,0.000000000,0.000000000,0.000000000,,0.000000000,,,8.529370,6.310631,345.666075,,0.003951538,0,1,0,0,,,,,,,warming_up,,,,,,,,,,,,,,HO:v0:k0:r0,,,,,,
8.856719,8.865411400,,quintic,legacy,,,,,0,0.0,,gHO_sBM_cAll_d20_mHO5_ch01,,,0.000000,,7.111023,0,,,replay_no_suitable_ready_motion,0.187462845,,0.000000,replay_no_suitable_ready_motion,0.000000000,0.264978,0.119891,0.330308,0.500000,0.317165,0.000000,4.437500,0.350000,beat-sync,1.000000,1.000000,,0.000000000,0.201492369,right_wrist_yaw,0.795491338,left_wrist_yaw,0.201492369,right_wrist_yaw,0.720193651,left_wrist_yaw,-0.195456,0.081114,0.829662,-0.273433,0.000000000,0.000000000,0.000000000,0.000000000,0.000000000,0.000000000,,0.000000000,,,9.994523,6.878278,336.925845,,0.004004449,0,1,0,0,,,,,,,warming_up,,,,,,,,,,,,,,HO:v0:k0:r0,,,,,,
8.915218,8.920990800,,quintic,legacy,,,,,0,0.0,,gHO_sBM_cAll_d20_mHO5_ch01,,,0.000000,,7.111023,0,,,replay_no_suitable_ready_motion,0.195702085,,0.000000,replay_no_suitable_ready_motion,0.000000000,0.264978,0.119891,0.330308,0.500000,0.317165,0.000000,4.437500,0.350000,beat-sync,1.000000,1.000000,,0.000000000,0.177500576,right_wrist_yaw,1.255690455,right_wrist_roll,0.177500576,right_wrist_yaw,1.033030962,right_wrist_roll,-0.210904,0.074244,0.810691,-0.179757,0.000000000,0.000000000,0.000000000,0.000000000,0.000000000,0.000000000,,0.000000000,,,5.597414,3.911922,175.780067,,0.003991573,0,1,0,0,,,,,,,warming_up,,,,,,,,,,,,,,HO:v0:k0:r0,,,,,,
8.957316,8.961225700,,quintic,legacy,,,,,0,0.0,,gHO_sBM_cAll_d20_mHO5_ch01,,,0.000000,,7.111023,0,,,replay_no_suitable_ready_motion,0.201631408,,0.000000,replay_no_suitable_ready_motion,0.000000000,0.264978,0.119891,0.330308,0.500000,0.317165,0.000000,4.437500,0.350000,beat-sync,1.000000,1.000000,,0.000000000,0.162900031,right_wrist_yaw,1.816376746,left_wrist_yaw,0.162900031,right_wrist_yaw,1.420251546,left_wrist_yaw,-0.216079,0.076122,0.804938,-0.107236,0.000000000,0.000000000,0.000000000,0.000000000,0.000000000,0.000000000,,0.000000000,,,14.683374,12.223834,203.997633,,0.004048136,0,1,0,0,,,,,,,warming_up,,,,,,,,,,,,,,HO:v0:k0:r0,,,,,,
