motion_name,video_name,motion_frames,duration_seconds,audio_path,status
gBR_sBM_cAll_d04_mBR0_ch01,gBR_sBM_c01_d04_mBR0_ch01,720,12.000000000,gBR_sBM_cAll_d04_mBR0_ch01.wav,existing
gBR_sBM_cAll_d04_mBR0_ch02,gBR_sBM_c01_d04_mBR0_ch02,720,12.000000000,gBR_sBM_cAll_d04_mBR0_ch02.wav,existing
gBR_sBM_cAll_d04_mBR0_ch03,gBR_sBM_c01_d04_mBR0_ch03,720,12.000000000,gBR_sBM_cAll_d04_mBR0_ch03.wav,existing
gBR_sBM_cAll_d04_mBR0_ch04,gBR_sBM_c01_d04_mBR0_ch04,720,12.000000000,gBR_sBM_cAll_d04_mBR0_ch04.wav,existing
gBR_sBM_cAll_d04_mBR0_ch05,gBR_sBM_c01_d04_mBR0_ch05,720,12.000000000,gBR_sBM_cAll_d04_mBR0_ch05.wav,existing
gBR_sBM_cAll_d04_mBR0_ch06,gBR_sBM_c01_d04_mBR0_ch06,720,12.000000000,gBR_sBM_cAll_d04_mBR0_ch06.wav,existing
gBR_sBM_cAll_d04_mBR0_ch09,gBR_sBM_c01_d04_mBR0_ch09,720,12.000000000,gBR_sBM_cAll_d04_mBR0_ch09.wav,existing
gBR_sBM_cAll_d04_mBR1_ch01,gBR_sBM_c01_d04_mBR1_ch01,640,10.666666667,gBR_sBM_cAll_d04_mBR1_ch01.wav,existing
gBR_sBM_cAll_d04_mBR1_ch02,gBR_sBM_c01_d04_mBR1_ch02,640,10.666666667,gBR_sBM_cAll_d04_mBR1_ch02.wav,existing
gBR_sBM_cAll_d04_mBR2_ch01,gBR_sBM_c01_d04_mBR2_ch01,576,9.600000000,gBR_sBM_cAll_d04_mBR2_ch01.wav,existing
gBR_sBM_cAll_d04_mBR2_ch02,gBR_sBM_c01_d04_mBR2_ch02,576,9.600000000,gBR_sBM_cAll_d04_mBR2_ch02.wav,existing
gBR_sBM_cAll_d04_mBR3_ch01,gBR_sBM_c01_d04_mBR3_ch01,524,8.733333333,gBR_sBM_cAll_d04_mBR3_ch01.wav,existing
gBR_sBM_cAll_d04_mBR3_ch02,gBR_sBM_c01_d04_mBR3_ch02,524,8.733333333,gBR_sBM_cAll_d04_mBR3_ch02.wav,existing
gBR_sBM_cAll_d05_mBR0_ch01,gBR_sBM_c01_d05_mBR0_ch01,720,12.000000000,gBR_sBM_cAll_d05_mBR0_ch01.wav,existing
gBR_sBM_cAll_d05_mBR0_ch02,gBR_sBM_c01_d05_mBR0_ch02,720,12.000000000,gBR_sBM_cAll_d05_mBR0_ch02.wav,existing
gBR_sBM_cAll_d05_mBR0_ch03,gBR_sBM_c01_d05_mBR0_ch03,720,12.000000000,gBR_sBM_cAll_d05_mBR0_ch03.wav,existing
gBR_sBM_cAll_d05_mBR0_ch04,gBR_sBM_c01_d05_mBR0_ch04,720,12.000000000,gBR_sBM_cAll_d05_mBR0_ch04.wav,existing
gBR_sBM_cAll_d05_mBR0_ch05,gBR_sBM_c01_d05_mBR0_ch05,720,12.000000000,gBR_sBM_cAll_d05_mBR0_ch05.wav,existing
gBR_sBM_cAll_d05_mBR0_ch06,gBR_sBM_c01_d05_mBR0_ch06,720,12.000000000,gBR_sBM_cAll_d05_mBR0_ch06.wav,existing
gBR_sBM_cAll_d05_mBR0_ch08,gBR_sBM_c01_d05_mBR0_ch08,720,12.000000000,gBR_sBM_cAll_d05_mBR0_ch08.wav,existing
gBR_sBM_cAll_d05_mBR0_ch09,gBR_sBM_c01_d05_mBR0_ch09,720,12.000000000,gBR_sBM_cAll_d05_mBR0_ch09.wav,existing
gBR_sBM_cAll_d05_mBR0_ch10,gBR_sBM_c01_d05_mBR0_ch10,720,12.000000000,gBR_sBM_cAll_d05_mBR0_ch10.wav,existing
gBR_sBM_cAll_d05_mBR1_ch01,gBR_sBM_c01_d05_mBR1_ch01,640,10.666666667,gBR_sBM_cAll_d05_mBR1_ch01.wav,existing
gBR_sBM_cAll_d05_mBR1_ch02,gBR_sBM_c01_d05_mBR1_ch02,640,10.666666667,gBR_sBM_cAll_d05_mBR1_ch02.wav,existing
gBR_sBM_cAll_d05_mBR4_ch01,gBR_sBM_c01_d05_mBR4_ch01,480,8.000000000,gBR_sBM_cAll_d05_mBR4_ch01.wav,existing
gBR_sBM_cAll_d05_mBR4_ch02,gBR_sBM_c01_d05_mBR4_ch02,480,8.000000000,gBR_sBM_cAll_d05_mBR4_ch02.wav,existing
gBR_sBM_cAll_d05_mBR5_ch01,gBR_sBM_c01_d05_mBR5_ch01,443,7.383333333,gBR_sBM_cAll_d05_mBR5_ch01.wav,existing
gBR_sBM_cAll_d05_mBR5_ch02,gBR_sBM_c01_d05_mBR5_ch02,443,7.383333333,gBR_sBM_cAll_d05_mBR5_ch02.wav,existing
gBR_sBM_cAll_d06_mBR2_ch01,gBR_sBM_c01_d06_mBR2_ch01,576,9.600000000,gBR_sBM_cAll_d06_mBR2_ch01.wav,existing
gBR_sBM_cAll_d06_mBR2_ch02,gBR_sBM_c01_d06_mBR2_ch02,576,9.600000000,gBR_sBM_cAll_d06_mBR2_ch02.wav,existing
gBR_sBM_cAll_d06_mBR3_ch01,gBR_sBM_c01_d06_mBR3_ch01,524,8.733333333,gBR_sBM_cAll_d06_mBR3_ch01.wav,existing
gBR_sBM_cAll_d06_mBR3_ch02,gBR_sBM_c01_d06_mBR3_ch02,524,8.733333333,gBR_sBM_cAll_d06_mBR3_ch02.wav,existing
gBR_sBM_cAll_d06_mBR4_ch01,gBR_sBM_c01_d06_mBR4_ch01,480,8.000000000,gBR_sBM_cAll_d06_mBR4_ch01.wav,existing
gBR_sBM_cAll_d06_mBR4_ch02,gBR_sBM_c01_d06_mBR4_ch02,480,8.000000000,gBR_sBM_cAll_d06_mBR4_ch02.wav,existing
gBR_sBM_cAll_d06_mBR5_ch01,gBR_sBM_c01_d06_mBR5_ch01,443,7.383333333,gBR_sBM_cAll_d06_mBR5_ch01.wav,existing
gBR_sBM_cAll_d06_mBR5_ch02,gBR_sBM_c01_d06_mBR5_ch02,443,7.383333333,gBR_sBM_cAll_d06_mBR5_ch02.wav,existing
gBR_sFM_cAll_d04_mBR0_ch01,gBR_sFM_c01_d04_mBR0_ch01,2878,47.966666667,gBR_sFM_cAll_d04_mBR0_ch01.wav,existing
gHO_sBM_cAll_d19_mHO0_ch01,gHO_sBM_c01_d19_mHO0_ch01,524,8.733333333,gHO_sBM_cAll_d19_mHO0_ch01.wav,existing
gHO_sBM_cAll_d19_mHO0_ch02,gHO_sBM_c01_d19_mHO0_ch02,524,8.733333333,gHO_sBM_cAll_d19_mHO0_ch02.wav,existing
gHO_sBM_cAll_d19_mHO1_ch01,gHO_sBM_c01_d19_mHO1_ch01,500,8.333333333,gHO_sBM_cAll_d19_mHO1_ch01.wav,existing
gHO_sBM_cAll_d19_mHO1_ch02,gHO_sBM_c01_d19_mHO1_ch02,500,8.333333333,gHO_sBM_cAll_d19_mHO1_ch02.wav,existing
gHO_sBM_cAll_d19_mHO2_ch01,gHO_sBM_c01_d19_mHO2_ch01,480,8.000000000,gHO_sBM_cAll_d19_mHO2_ch01.wav,existing
gHO_sBM_cAll_d19_mHO2_ch02,gHO_sBM_c01_d19_mHO2_ch02,480,8.000000000,gHO_sBM_cAll_d19_mHO2_ch02.wav,existing
gHO_sBM_cAll_d19_mHO3_ch01,gHO_sBM_c01_d19_mHO3_ch01,460,7.666666667,gHO_sBM_cAll_d19_mHO3_ch01.wav,existing
gHO_sBM_cAll_d19_mHO3_ch02,gHO_sBM_c01_d19_mHO3_ch02,460,7.666666667,gHO_sBM_cAll_d19_mHO3_ch02.wav,existing
gHO_sBM_cAll_d20_mHO0_ch01,gHO_sBM_c01_d20_mHO0_ch01,524,8.733333333,gHO_sBM_cAll_d20_mHO0_ch01.wav,existing
gHO_sBM_cAll_d20_mHO0_ch02,gHO_sBM_c01_d20_mHO0_ch02,524,8.733333333,gHO_sBM_cAll_d20_mHO0_ch02.wav,existing
gHO_sBM_cAll_d20_mHO1_ch01,gHO_sBM_c01_d20_mHO1_ch01,500,8.333333333,gHO_sBM_cAll_d20_mHO1_ch01.wav,existing
gHO_sBM_cAll_d20_mHO1_ch02,gHO_sBM_c01_d20_mHO1_ch02,500,8.333333333,gHO_sBM_cAll_d20_mHO1_ch02.wav,existing
gHO_sBM_cAll_d20_mHO4_ch01,gHO_sBM_c01_d20_mHO4_ch01,443,7.383333333,gHO_sBM_cAll_d20_mHO4_ch01.wav,existing
gHO_sBM_cAll_d20_mHO4_ch02,gHO_sBM_c01_d20_mHO4_ch02,443,7.383333333,gHO_sBM_cAll_d20_mHO4_ch02.wav,existing
gHO_sBM_cAll_d20_mHO5_ch01,gHO_sBM_c01_d20_mHO5_ch01,426,7.100000000,gHO_sBM_cAll_d20_mHO5_ch01.wav,existing
gHO_sBM_cAll_d20_mHO5_ch02,gHO_sBM_c01_d20_mHO5_ch02,426,7.100000000,gHO_sBM_cAll_d20_mHO5_ch02.wav,existing
gHO_sBM_cAll_d20_mHO5_ch03,gHO_sBM_c01_d20_mHO5_ch03,426,7.100000000,gHO_sBM_cAll_d20_mHO5_ch03.wav,existing
gHO_sBM_cAll_d20_mHO5_ch04,gHO_sBM_c01_d20_mHO5_ch04,426,7.100000000,gHO_sBM_cAll_d20_mHO5_ch04.wav,existing
gHO_sBM_cAll_d20_mHO5_ch05,gHO_sBM_c01_d20_mHO5_ch05,426,7.100000000,gHO_sBM_cAll_d20_mHO5_ch05.wav,existing
gHO_sBM_cAll_d20_mHO5_ch06,gHO_sBM_c01_d20_mHO5_ch06,426,7.100000000,gHO_sBM_cAll_d20_mHO5_ch06.wav,existing
gHO_sBM_cAll_d20_mHO5_ch07,gHO_sBM_c01_d20_mHO5_ch07,426,7.100000000,gHO_sBM_cAll_d20_mHO5_ch07.wav,existing
gHO_sBM_cAll_d20_mHO5_ch08,gHO_sBM_c01_d20_mHO5_ch08,426,7.100000000,gHO_sBM_cAll_d20_mHO5_ch08.wav,existing
gHO_sBM_cAll_d20_mHO5_ch09,gHO_sBM_c01_d20_mHO5_ch09,426,7.100000000,gHO_sBM_cAll_d20_mHO5_ch09.wav,existing
gHO_sBM_cAll_d20_mHO5_ch10,gHO_sBM_c01_d20_mHO5_ch10,426,7.100000000,gHO_sBM_cAll_d20_mHO5_ch10.wav,existing
gHO_sBM_cAll_d21_mHO2_ch01,gHO_sBM_c01_d21_mHO2_ch01,480,8.000000000,gHO_sBM_cAll_d21_mHO2_ch01.wav,existing
gHO_sBM_cAll_d21_mHO2_ch02,gHO_sBM_c01_d21_mHO2_ch02,480,8.000000000,gHO_sBM_cAll_d21_mHO2_ch02.wav,existing
gHO_sBM_cAll_d21_mHO3_ch01,gHO_sBM_c01_d21_mHO3_ch01,460,7.666666667,gHO_sBM_cAll_d21_mHO3_ch01.wav,existing
gHO_sBM_cAll_d21_mHO3_ch02,gHO_sBM_c01_d21_mHO3_ch02,460,7.666666667,gHO_sBM_cAll_d21_mHO3_ch02.wav,existing
gHO_sBM_cAll_d21_mHO4_ch01,gHO_sBM_c01_d21_mHO4_ch01,443,7.383333333,gHO_sBM_cAll_d21_mHO4_ch01.wav,existing
gHO_sBM_cAll_d21_mHO4_ch02,gHO_sBM_c01_d21_mHO4_ch02,443,7.383333333,gHO_sBM_cAll_d21_mHO4_ch02.wav,existing
gHO_sBM_cAll_d21_mHO5_ch01,gHO_sBM_c01_d21_mHO5_ch01,426,7.100000000,gHO_sBM_cAll_d21_mHO5_ch01.wav,existing
gHO_sBM_cAll_d21_mHO5_ch02,gHO_sBM_c01_d21_mHO5_ch02,426,7.100000000,gHO_sBM_cAll_d21_mHO5_ch02.wav,existing
gHO_sBM_cAll_d21_mHO5_ch03,gHO_sBM_c01_d21_mHO5_ch03,426,7.100000000,gHO_sBM_cAll_d21_mHO5_ch03.wav,existing
gHO_sBM_cAll_d21_mHO5_ch04,gHO_sBM_c01_d21_mHO5_ch04,426,7.100000000,gHO_sBM_cAll_d21_mHO5_ch04.wav,existing
gHO_sBM_cAll_d21_mHO5_ch05,gHO_sBM_c01_d21_mHO5_ch05,426,7.100000000,gHO_sBM_cAll_d21_mHO5_ch05.wav,existing
gHO_sBM_cAll_d21_mHO5_ch06,gHO_sBM_c01_d21_mHO5_ch06,426,7.100000000,gHO_sBM_cAll_d21_mHO5_ch06.wav,existing
gHO_sBM_cAll_d21_mHO5_ch07,gHO_sBM_c01_d21_mHO5_ch07,426,7.100000000,gHO_sBM_cAll_d21_mHO5_ch07.wav,existing
gHO_sBM_cAll_d21_mHO5_ch08,gHO_sBM_c01_d21_mHO5_ch08,426,7.100000000,gHO_sBM_cAll_d21_mHO5_ch08.wav,existing
gHO_sBM_cAll_d21_mHO5_ch09,gHO_sBM_c01_d21_mHO5_ch09,426,7.100000000,gHO_sBM_cAll_d21_mHO5_ch09.wav,existing
gHO_sBM_cAll_d21_mHO5_ch10,gHO_sBM_c01_d21_mHO5_ch10,426,7.100000000,gHO_sBM_cAll_d21_mHO5_ch10.wav,existing
gHO_sFM_cAll_d19_mHO5_ch06,gHO_sFM_c01_d19_mHO5_ch06,1706,28.433333333,gHO_sFM_cAll_d19_mHO5_ch06.wav,existing
gHO_sFM_cAll_d21_mHO5_ch20,gHO_sFM_c01_d21_mHO5_ch20,1706,28.433333333,gHO_sFM_cAll_d21_mHO5_ch20.wav,existing
gJB_sBM_cAll_d07_mJB0_ch01,gJB_sBM_c01_d07_mJB0_ch01,720,12.000000000,gJB_sBM_cAll_d07_mJB0_ch01.wav,existing
gJB_sBM_cAll_d07_mJB0_ch02,gJB_sBM_c01_d07_mJB0_ch02,720,12.000000000,gJB_sBM_cAll_d07_mJB0_ch02.wav,existing
gJB_sBM_cAll_d07_mJB1_ch01,gJB_sBM_c01_d07_mJB1_ch01,640,10.666666667,gJB_sBM_cAll_d07_mJB1_ch01.wav,existing
gJB_sBM_cAll_d07_mJB1_ch02,gJB_sBM_c01_d07_mJB1_ch02,640,10.666666667,gJB_sBM_cAll_d07_mJB1_ch02.wav,existing
gJB_sBM_cAll_d07_mJB2_ch01,gJB_sBM_c01_d07_mJB2_ch01,576,9.600000000,gJB_sBM_cAll_d07_mJB2_ch01.wav,existing
gJB_sBM_cAll_d07_mJB2_ch02,gJB_sBM_c01_d07_mJB2_ch02,576,9.600000000,gJB_sBM_cAll_d07_mJB2_ch02.wav,existing
gJB_sBM_cAll_d07_mJB3_ch02,gJB_sBM_c01_d07_mJB3_ch02,524,8.733333333,gJB_sBM_cAll_d07_mJB3_ch02.wav,existing
gJB_sBM_cAll_d08_mJB0_ch01,gJB_sBM_c01_d08_mJB0_ch01,720,12.000000000,gJB_sBM_cAll_d08_mJB0_ch01.wav,existing
gJB_sBM_cAll_d08_mJB0_ch02,gJB_sBM_c01_d08_mJB0_ch02,720,12.000000000,gJB_sBM_cAll_d08_mJB0_ch02.wav,existing
gJB_sBM_cAll_d08_mJB1_ch01,gJB_sBM_c01_d08_mJB1_ch01,640,10.666666667,gJB_sBM_cAll_d08_mJB1_ch01.wav,existing
gJB_sBM_cAll_d08_mJB1_ch02,gJB_sBM_c01_d08_mJB1_ch02,640,10.666666667,gJB_sBM_cAll_d08_mJB1_ch02.wav,existing
gJB_sBM_cAll_d08_mJB4_ch01,gJB_sBM_c01_d08_mJB4_ch01,480,8.000000000,gJB_sBM_cAll_d08_mJB4_ch01.wav,existing
gJB_sBM_cAll_d08_mJB4_ch02,gJB_sBM_c01_d08_mJB4_ch02,480,8.000000000,gJB_sBM_cAll_d08_mJB4_ch02.wav,existing
gJB_sBM_cAll_d08_mJB5_ch01,gJB_sBM_c01_d08_mJB5_ch01,443,7.383333333,gJB_sBM_cAll_d08_mJB5_ch01.wav,existing
gJB_sBM_cAll_d08_mJB5_ch02,gJB_sBM_c01_d08_mJB5_ch02,443,7.383333333,gJB_sBM_cAll_d08_mJB5_ch02.wav,existing
gJB_sBM_cAll_d08_mJB5_ch03,gJB_sBM_c01_d08_mJB5_ch03,443,7.383333333,gJB_sBM_cAll_d08_mJB5_ch03.wav,existing
gJB_sBM_cAll_d08_mJB5_ch04,gJB_sBM_c01_d08_mJB5_ch04,443,7.383333333,gJB_sBM_cAll_d08_mJB5_ch04.wav,existing
gJB_sBM_cAll_d08_mJB5_ch05,gJB_sBM_c01_d08_mJB5_ch05,443,7.383333333,gJB_sBM_cAll_d08_mJB5_ch05.wav,existing
gJB_sBM_cAll_d08_mJB5_ch06,gJB_sBM_c01_d08_mJB5_ch06,443,7.383333333,gJB_sBM_cAll_d08_mJB5_ch06.wav,existing
gJB_sBM_cAll_d08_mJB5_ch08,gJB_sBM_c01_d08_mJB5_ch08,443,7.383333333,gJB_sBM_cAll_d08_mJB5_ch08.wav,existing
gJB_sBM_cAll_d08_mJB5_ch09,gJB_sBM_c01_d08_mJB5_ch09,443,7.383333333,gJB_sBM_cAll_d08_mJB5_ch09.wav,existing
gJB_sBM_cAll_d08_mJB5_ch10,gJB_sBM_c01_d08_mJB5_ch10,443,7.383333333,gJB_sBM_cAll_d08_mJB5_ch10.wav,existing
gJB_sBM_cAll_d09_mJB2_ch01,gJB_sBM_c01_d09_mJB2_ch01,576,9.600000000,gJB_sBM_cAll_d09_mJB2_ch01.wav,existing
gJB_sBM_cAll_d09_mJB2_ch02,gJB_sBM_c01_d09_mJB2_ch02,576,9.600000000,gJB_sBM_cAll_d09_mJB2_ch02.wav,existing
gJB_sBM_cAll_d09_mJB3_ch01,gJB_sBM_c01_d09_mJB3_ch01,524,8.733333333,gJB_sBM_cAll_d09_mJB3_ch01.wav,existing
gJB_sBM_cAll_d09_mJB3_ch02,gJB_sBM_c01_d09_mJB3_ch02,524,8.733333333,gJB_sBM_cAll_d09_mJB3_ch02.wav,existing
gJB_sBM_cAll_d09_mJB4_ch01,gJB_sBM_c01_d09_mJB4_ch01,480,8.000000000,gJB_sBM_cAll_d09_mJB4_ch01.wav,existing
gJB_sBM_cAll_d09_mJB4_ch02,gJB_sBM_c01_d09_mJB4_ch02,480,8.000000000,gJB_sBM_cAll_d09_mJB4_ch02.wav,existing
gJB_sBM_cAll_d09_mJB5_ch01,gJB_sBM_c01_d09_mJB5_ch01,443,7.383333333,gJB_sBM_cAll_d09_mJB5_ch01.wav,existing
gJB_sBM_cAll_d09_mJB5_ch02,gJB_sBM_c01_d09_mJB5_ch02,443,7.383333333,gJB_sBM_cAll_d09_mJB5_ch02.wav,existing
gJB_sBM_cAll_d09_mJB5_ch03,gJB_sBM_c01_d09_mJB5_ch03,443,7.383333333,gJB_sBM_cAll_d09_mJB5_ch03.wav,existing
gJB_sBM_cAll_d09_mJB5_ch04,gJB_sBM_c01_d09_mJB5_ch04,443,7.383333333,gJB_sBM_cAll_d09_mJB5_ch04.wav,existing
gJB_sBM_cAll_d09_mJB5_ch05,gJB_sBM_c01_d09_mJB5_ch05,443,7.383333333,gJB_sBM_cAll_d09_mJB5_ch05.wav,existing
gJB_sBM_cAll_d09_mJB5_ch06,gJB_sBM_c01_d09_mJB5_ch06,443,7.383333333,gJB_sBM_cAll_d09_mJB5_ch06.wav,existing
gJB_sBM_cAll_d09_mJB5_ch07,gJB_sBM_c01_d09_mJB5_ch07,443,7.383333333,gJB_sBM_cAll_d09_mJB5_ch07.wav,existing
gJB_sBM_cAll_d09_mJB5_ch08,gJB_sBM_c01_d09_mJB5_ch08,443,7.383333333,gJB_sBM_cAll_d09_mJB5_ch08.wav,existing
gJB_sBM_cAll_d09_mJB5_ch10,gJB_sBM_c01_d09_mJB5_ch10,443,7.383333333,gJB_sBM_cAll_d09_mJB5_ch10.wav,existing
gJB_sFM_cAll_d07_mJB5_ch06,gJB_sFM_c01_d07_mJB5_ch06,1771,29.516666667,gJB_sFM_cAll_d07_mJB5_ch06.wav,existing
gJB_sFM_cAll_d08_mJB5_ch13,gJB_sFM_c01_d08_mJB5_ch13,1771,29.516666667,gJB_sFM_cAll_d08_mJB5_ch13.wav,existing
gJB_sFM_cAll_d08_mJB5_ch14,gJB_sFM_c01_d08_mJB5_ch14,1771,29.516666667,gJB_sFM_cAll_d08_mJB5_ch14.wav,existing
gJB_sFM_cAll_d09_mJB5_ch20,gJB_sFM_c01_d09_mJB5_ch20,1771,29.516666667,gJB_sFM_cAll_d09_mJB5_ch20.wav,existing
gJS_sBM_cAll_d01_mJS0_ch01,gJS_sBM_c01_d01_mJS0_ch01,720,12.000000000,gJS_sBM_cAll_d01_mJS0_ch01.wav,existing
gJS_sBM_cAll_d01_mJS0_ch02,gJS_sBM_c01_d01_mJS0_ch02,720,12.000000000,gJS_sBM_cAll_d01_mJS0_ch02.wav,existing
gJS_sBM_cAll_d01_mJS1_ch01,gJS_sBM_c01_d01_mJS1_ch01,640,10.666666667,gJS_sBM_cAll_d01_mJS1_ch01.wav,existing
gJS_sBM_cAll_d01_mJS1_ch02,gJS_sBM_c01_d01_mJS1_ch02,640,10.666666667,gJS_sBM_cAll_d01_mJS1_ch02.wav,existing
gJS_sBM_cAll_d01_mJS2_ch01,gJS_sBM_c01_d01_mJS2_ch01,576,9.600000000,gJS_sBM_cAll_d01_mJS2_ch01.wav,existing
gJS_sBM_cAll_d01_mJS2_ch02,gJS_sBM_c01_d01_mJS2_ch02,576,9.600000000,gJS_sBM_cAll_d01_mJS2_ch02.wav,existing
gJS_sBM_cAll_d01_mJS3_ch01,gJS_sBM_c01_d01_mJS3_ch01,524,8.733333333,gJS_sBM_cAll_d01_mJS3_ch01.wav,existing
gJS_sBM_cAll_d01_mJS3_ch02,gJS_sBM_c01_d01_mJS3_ch02,524,8.733333333,gJS_sBM_cAll_d01_mJS3_ch02.wav,existing
gJS_sBM_cAll_d01_mJS3_ch03,gJS_sBM_c01_d01_mJS3_ch03,524,8.733333333,gJS_sBM_cAll_d01_mJS3_ch03.wav,existing
gJS_sBM_cAll_d01_mJS3_ch04,gJS_sBM_c01_d01_mJS3_ch04,524,8.733333333,gJS_sBM_cAll_d01_mJS3_ch04.wav,existing
gJS_sBM_cAll_d01_mJS3_ch05,gJS_sBM_c01_d01_mJS3_ch05,524,8.733333333,gJS_sBM_cAll_d01_mJS3_ch05.wav,existing
gJS_sBM_cAll_d01_mJS3_ch06,gJS_sBM_c01_d01_mJS3_ch06,524,8.733333333,gJS_sBM_cAll_d01_mJS3_ch06.wav,existing
gJS_sBM_cAll_d01_mJS3_ch07,gJS_sBM_c01_d01_mJS3_ch07,524,8.733333333,gJS_sBM_cAll_d01_mJS3_ch07.wav,existing
gJS_sBM_cAll_d01_mJS3_ch08,gJS_sBM_c01_d01_mJS3_ch08,524,8.733333333,gJS_sBM_cAll_d01_mJS3_ch08.wav,existing
gJS_sBM_cAll_d01_mJS3_ch09,gJS_sBM_c01_d01_mJS3_ch09,524,8.733333333,gJS_sBM_cAll_d01_mJS3_ch09.wav,existing
gJS_sBM_cAll_d01_mJS3_ch10,gJS_sBM_c01_d01_mJS3_ch10,524,8.733333333,gJS_sBM_cAll_d01_mJS3_ch10.wav,existing
gJS_sBM_cAll_d02_mJS0_ch01,gJS_sBM_c01_d02_mJS0_ch01,720,12.000000000,gJS_sBM_cAll_d02_mJS0_ch01.wav,existing
gJS_sBM_cAll_d02_mJS0_ch02,gJS_sBM_c01_d02_mJS0_ch02,720,12.000000000,gJS_sBM_cAll_d02_mJS0_ch02.wav,existing
gJS_sBM_cAll_d02_mJS1_ch01,gJS_sBM_c01_d02_mJS1_ch01,640,10.666666667,gJS_sBM_cAll_d02_mJS1_ch01.wav,existing
gJS_sBM_cAll_d02_mJS1_ch02,gJS_sBM_c01_d02_mJS1_ch02,640,10.666666667,gJS_sBM_cAll_d02_mJS1_ch02.wav,existing
gJS_sBM_cAll_d02_mJS4_ch01,gJS_sBM_c01_d02_mJS4_ch01,480,8.000000000,gJS_sBM_cAll_d02_mJS4_ch01.wav,existing
gJS_sBM_cAll_d02_mJS4_ch02,gJS_sBM_c01_d02_mJS4_ch02,480,8.000000000,gJS_sBM_cAll_d02_mJS4_ch02.wav,existing
gJS_sBM_cAll_d02_mJS5_ch01,gJS_sBM_c01_d02_mJS5_ch01,443,7.383333333,gJS_sBM_cAll_d02_mJS5_ch01.wav,existing
gJS_sBM_cAll_d02_mJS5_ch02,gJS_sBM_c01_d02_mJS5_ch02,443,7.383333333,gJS_sBM_cAll_d02_mJS5_ch02.wav,existing
gJS_sBM_cAll_d03_mJS2_ch01,gJS_sBM_c01_d03_mJS2_ch01,576,9.600000000,gJS_sBM_cAll_d03_mJS2_ch01.wav,existing
gJS_sBM_cAll_d03_mJS2_ch02,gJS_sBM_c01_d03_mJS2_ch02,576,9.600000000,gJS_sBM_cAll_d03_mJS2_ch02.wav,existing
gJS_sBM_cAll_d03_mJS3_ch01,gJS_sBM_c01_d03_mJS3_ch01,524,8.733333333,gJS_sBM_cAll_d03_mJS3_ch01.wav,existing
gJS_sBM_cAll_d03_mJS3_ch02,gJS_sBM_c01_d03_mJS3_ch02,524,8.733333333,gJS_sBM_cAll_d03_mJS3_ch02.wav,existing
gJS_sBM_cAll_d03_mJS3_ch03,gJS_sBM_c01_d03_mJS3_ch03,524,8.733333333,gJS_sBM_cAll_d03_mJS3_ch03.wav,existing
gJS_sBM_cAll_d03_mJS3_ch04,gJS_sBM_c01_d03_mJS3_ch04,524,8.733333333,gJS_sBM_cAll_d03_mJS3_ch04.wav,existing
gJS_sBM_cAll_d03_mJS3_ch05,gJS_sBM_c01_d03_mJS3_ch05,524,8.733333333,gJS_sBM_cAll_d03_mJS3_ch05.wav,existing
gJS_sBM_cAll_d03_mJS3_ch06,gJS_sBM_c01_d03_mJS3_ch06,524,8.733333333,gJS_sBM_cAll_d03_mJS3_ch06.wav,existing
gJS_sBM_cAll_d03_mJS3_ch07,gJS_sBM_c01_d03_mJS3_ch07,524,8.733333333,gJS_sBM_cAll_d03_mJS3_ch07.wav,existing
gJS_sBM_cAll_d03_mJS3_ch08,gJS_sBM_c01_d03_mJS3_ch08,524,8.733333333,gJS_sBM_cAll_d03_mJS3_ch08.wav,existing
gJS_sBM_cAll_d03_mJS3_ch09,gJS_sBM_c01_d03_mJS3_ch09,524,8.733333333,gJS_sBM_cAll_d03_mJS3_ch09.wav,existing
gJS_sBM_cAll_d03_mJS4_ch01,gJS_sBM_c01_d03_mJS4_ch01,480,8.000000000,gJS_sBM_cAll_d03_mJS4_ch01.wav,existing
gJS_sBM_cAll_d03_mJS4_ch02,gJS_sBM_c01_d03_mJS4_ch02,480,8.000000000,gJS_sBM_cAll_d03_mJS4_ch02.wav,existing
gJS_sBM_cAll_d03_mJS5_ch01,gJS_sBM_c01_d03_mJS5_ch01,443,7.383333333,gJS_sBM_cAll_d03_mJS5_ch01.wav,existing
gJS_sBM_cAll_d03_mJS5_ch02,gJS_sBM_c01_d03_mJS5_ch02,443,7.383333333,gJS_sBM_cAll_d03_mJS5_ch02.wav,existing
gJS_sFM_cAll_d01_mJS3_ch04,gJS_sFM_c01_d01_mJS3_ch04,2093,34.883333333,gJS_sFM_cAll_d01_mJS3_ch04.wav,existing
gJS_sFM_cAll_d02_mJS3_ch04,gJS_sFM_c01_d02_mJS3_ch04,2093,34.883333333,gJS_sFM_cAll_d02_mJS3_ch04.wav,existing
gJS_sFM_cAll_d03_mJS3_ch04,gJS_sFM_c01_d03_mJS3_ch04,2093,34.883333333,gJS_sFM_cAll_d03_mJS3_ch04.wav,existing
gKR_sBM_cAll_d28_mKR0_ch01,gKR_sBM_c01_d28_mKR0_ch01,720,12.000000000,gKR_sBM_cAll_d28_mKR0_ch01.wav,existing
gKR_sBM_cAll_d28_mKR0_ch02,gKR_sBM_c01_d28_mKR0_ch02,720,12.000000000,gKR_sBM_cAll_d28_mKR0_ch02.wav,existing
gKR_sBM_cAll_d28_mKR1_ch01,gKR_sBM_c01_d28_mKR1_ch01,640,10.666666667,gKR_sBM_cAll_d28_mKR1_ch01.wav,existing
gKR_sBM_cAll_d28_mKR1_ch02,gKR_sBM_c01_d28_mKR1_ch02,640,10.666666667,gKR_sBM_cAll_d28_mKR1_ch02.wav,existing
gKR_sBM_cAll_d28_mKR2_ch01,gKR_sBM_c01_d28_mKR2_ch01,576,9.600000000,gKR_sBM_cAll_d28_mKR2_ch01.wav,existing
gKR_sBM_cAll_d28_mKR2_ch02,gKR_sBM_c01_d28_mKR2_ch02,576,9.600000000,gKR_sBM_cAll_d28_mKR2_ch02.wav,existing
gKR_sBM_cAll_d28_mKR2_ch03,gKR_sBM_c01_d28_mKR2_ch03,576,9.600000000,gKR_sBM_cAll_d28_mKR2_ch03.wav,existing
gKR_sBM_cAll_d28_mKR2_ch04,gKR_sBM_c01_d28_mKR2_ch04,576,9.600000000,gKR_sBM_cAll_d28_mKR2_ch04.wav,existing
gKR_sBM_cAll_d28_mKR2_ch05,gKR_sBM_c01_d28_mKR2_ch05,576,9.600000000,gKR_sBM_cAll_d28_mKR2_ch05.wav,existing
gKR_sBM_cAll_d28_mKR2_ch06,gKR_sBM_c01_d28_mKR2_ch06,576,9.600000000,gKR_sBM_cAll_d28_mKR2_ch06.wav,existing
gKR_sBM_cAll_d28_mKR2_ch07,gKR_sBM_c01_d28_mKR2_ch07,576,9.600000000,gKR_sBM_cAll_d28_mKR2_ch07.wav,existing
gKR_sBM_cAll_d28_mKR2_ch08,gKR_sBM_c01_d28_mKR2_ch08,576,9.600000000,gKR_sBM_cAll_d28_mKR2_ch08.wav,existing
gKR_sBM_cAll_d28_mKR2_ch09,gKR_sBM_c01_d28_mKR2_ch09,576,9.600000000,gKR_sBM_cAll_d28_mKR2_ch09.wav,existing
gKR_sBM_cAll_d28_mKR2_ch10,gKR_sBM_c01_d28_mKR2_ch10,576,9.600000000,gKR_sBM_cAll_d28_mKR2_ch10.wav,existing
gKR_sBM_cAll_d28_mKR3_ch01,gKR_sBM_c01_d28_mKR3_ch01,524,8.733333333,gKR_sBM_cAll_d28_mKR3_ch01.wav,existing
gKR_sBM_cAll_d28_mKR3_ch02,gKR_sBM_c01_d28_mKR3_ch02,524,8.733333333,gKR_sBM_cAll_d28_mKR3_ch02.wav,existing
gKR_sBM_cAll_d29_mKR0_ch01,gKR_sBM_c01_d29_mKR0_ch01,720,12.000000000,gKR_sBM_cAll_d29_mKR0_ch01.wav,existing
gKR_sBM_cAll_d29_mKR0_ch02,gKR_sBM_c01_d29_mKR0_ch02,720,12.000000000,gKR_sBM_cAll_d29_mKR0_ch02.wav,existing
gKR_sBM_cAll_d29_mKR1_ch01,gKR_sBM_c01_d29_mKR1_ch01,640,10.666666667,gKR_sBM_cAll_d29_mKR1_ch01.wav,existing
gKR_sBM_cAll_d29_mKR1_ch02,gKR_sBM_c01_d29_mKR1_ch02,640,10.666666667,gKR_sBM_cAll_d29_mKR1_ch02.wav,existing
gKR_sBM_cAll_d29_mKR4_ch01,gKR_sBM_c01_d29_mKR4_ch01,480,8.000000000,gKR_sBM_cAll_d29_mKR4_ch01.wav,existing
gKR_sBM_cAll_d29_mKR4_ch02,gKR_sBM_c01_d29_mKR4_ch02,480,8.000000000,gKR_sBM_cAll_d29_mKR4_ch02.wav,existing
gKR_sBM_cAll_d29_mKR5_ch01,gKR_sBM_c01_d29_mKR5_ch01,443,7.383333333,gKR_sBM_cAll_d29_mKR5_ch01.wav,existing
gKR_sBM_cAll_d29_mKR5_ch02,gKR_sBM_c01_d29_mKR5_ch02,443,7.383333333,gKR_sBM_cAll_d29_mKR5_ch02.wav,existing
gKR_sBM_cAll_d30_mKR2_ch01,gKR_sBM_c01_d30_mKR2_ch01,576,9.600000000,gKR_sBM_cAll_d30_mKR2_ch01.wav,existing
gKR_sBM_cAll_d30_mKR2_ch02,gKR_sBM_c01_d30_mKR2_ch02,576,9.600000000,gKR_sBM_cAll_d30_mKR2_ch02.wav,existing
gKR_sBM_cAll_d30_mKR2_ch03,gKR_sBM_c01_d30_mKR2_ch03,576,9.600000000,gKR_sBM_cAll_d30_mKR2_ch03.wav,existing
gKR_sBM_cAll_d30_mKR2_ch04,gKR_sBM_c01_d30_mKR2_ch04,576,9.600000000,gKR_sBM_cAll_d30_mKR2_ch04.wav,existing
gKR_sBM_cAll_d30_mKR2_ch05,gKR_sBM_c01_d30_mKR2_ch05,576,9.600000000,gKR_sBM_cAll_d30_mKR2_ch05.wav,existing
gKR_sBM_cAll_d30_mKR2_ch06,gKR_sBM_c01_d30_mKR2_ch06,576,9.600000000,gKR_sBM_cAll_d30_mKR2_ch06.wav,existing
gKR_sBM_cAll_d30_mKR2_ch07,gKR_sBM_c01_d30_mKR2_ch07,576,9.600000000,gKR_sBM_cAll_d30_mKR2_ch07.wav,existing
gKR_sBM_cAll_d30_mKR2_ch08,gKR_sBM_c01_d30_mKR2_ch08,576,9.600000000,gKR_sBM_cAll_d30_mKR2_ch08.wav,existing
gKR_sBM_cAll_d30_mKR2_ch09,gKR_sBM_c01_d30_mKR2_ch09,576,9.600000000,gKR_sBM_cAll_d30_mKR2_ch09.wav,existing
gKR_sBM_cAll_d30_mKR2_ch10,gKR_sBM_c01_d30_mKR2_ch10,576,9.600000000,gKR_sBM_cAll_d30_mKR2_ch10.wav,existing
gKR_sBM_cAll_d30_mKR3_ch01,gKR_sBM_c01_d30_mKR3_ch01,524,8.733333333,gKR_sBM_cAll_d30_mKR3_ch01.wav,existing
gKR_sBM_cAll_d30_mKR3_ch02,gKR_sBM_c01_d30_mKR3_ch02,524,8.733333333,gKR_sBM_cAll_d30_mKR3_ch02.wav,existing
gKR_sBM_cAll_d30_mKR4_ch01,gKR_sBM_c01_d30_mKR4_ch01,480,8.000000000,gKR_sBM_cAll_d30_mKR4_ch01.wav,existing
gKR_sBM_cAll_d30_mKR4_ch02,gKR_sBM_c01_d30_mKR4_ch02,480,8.000000000,gKR_sBM_cAll_d30_mKR4_ch02.wav,existing
gKR_sFM_cAll_d28_mKR2_ch03,gKR_sFM_c01_d28_mKR2_ch03,2302,38.366666667,gKR_sFM_cAll_d28_mKR2_ch03.wav,existing
gKR_sFM_cAll_d29_mKR2_ch10,gKR_sFM_c01_d29_mKR2_ch10,2302,38.366666667,gKR_sFM_cAll_d29_mKR2_ch10.wav,existing
gKR_sFM_cAll_d30_mKR2_ch17,gKR_sFM_c01_d30_mKR2_ch17,2302,38.366666667,gKR_sFM_cAll_d30_mKR2_ch17.wav,existing
gLH_sBM_cAll_d16_mLH0_ch01,gLH_sBM_c01_d16_mLH0_ch01,720,12.000000000,gLH_sBM_cAll_d16_mLH0_ch01.wav,existing
gLH_sBM_cAll_d16_mLH0_ch02,gLH_sBM_c01_d16_mLH0_ch02,720,12.000000000,gLH_sBM_cAll_d16_mLH0_ch02.wav,existing
gLH_sBM_cAll_d16_mLH1_ch01,gLH_sBM_c01_d16_mLH1_ch01,640,10.666666667,gLH_sBM_cAll_d16_mLH1_ch01.wav,existing
gLH_sBM_cAll_d16_mLH1_ch02,gLH_sBM_c01_d16_mLH1_ch02,640,10.666666667,gLH_sBM_cAll_d16_mLH1_ch02.wav,existing
gLH_sBM_cAll_d16_mLH2_ch01,gLH_sBM_c01_d16_mLH2_ch01,576,9.600000000,gLH_sBM_cAll_d16_mLH2_ch01.wav,existing
gLH_sBM_cAll_d16_mLH2_ch02,gLH_sBM_c01_d16_mLH2_ch02,576,9.600000000,gLH_sBM_cAll_d16_mLH2_ch02.wav,existing
gLH_sBM_cAll_d16_mLH3_ch01,gLH_sBM_c01_d16_mLH3_ch01,524,8.733333333,gLH_sBM_cAll_d16_mLH3_ch01.wav,existing
gLH_sBM_cAll_d16_mLH3_ch02,gLH_sBM_c01_d16_mLH3_ch02,524,8.733333333,gLH_sBM_cAll_d16_mLH3_ch02.wav,existing
gLH_sBM_cAll_d17_mLH0_ch01,gLH_sBM_c01_d17_mLH0_ch01,720,12.000000000,gLH_sBM_cAll_d17_mLH0_ch01.wav,existing
gLH_sBM_cAll_d17_mLH0_ch02,gLH_sBM_c01_d17_mLH0_ch02,720,12.000000000,gLH_sBM_cAll_d17_mLH0_ch02.wav,existing
gLH_sBM_cAll_d17_mLH1_ch01,gLH_sBM_c01_d17_mLH1_ch01,640,10.666666667,gLH_sBM_cAll_d17_mLH1_ch01.wav,existing
gLH_sBM_cAll_d17_mLH1_ch02,gLH_sBM_c01_d17_mLH1_ch02,640,10.666666667,gLH_sBM_cAll_d17_mLH1_ch02.wav,existing
gLH_sBM_cAll_d17_mLH4_ch01,gLH_sBM_c01_d17_mLH4_ch01,480,8.000000000,gLH_sBM_cAll_d17_mLH4_ch01.wav,existing
gLH_sBM_cAll_d17_mLH4_ch02,gLH_sBM_c01_d17_mLH4_ch02,480,8.000000000,gLH_sBM_cAll_d17_mLH4_ch02.wav,existing
gLH_sBM_cAll_d17_mLH4_ch03,gLH_sBM_c01_d17_mLH4_ch03,480,8.000000000,gLH_sBM_cAll_d17_mLH4_ch03.wav,existing
gLH_sBM_cAll_d17_mLH4_ch04,gLH_sBM_c01_d17_mLH4_ch04,480,8.000000000,gLH_sBM_cAll_d17_mLH4_ch04.wav,existing
gLH_sBM_cAll_d17_mLH4_ch05,gLH_sBM_c01_d17_mLH4_ch05,480,8.000000000,gLH_sBM_cAll_d17_mLH4_ch05.wav,existing
gLH_sBM_cAll_d17_mLH4_ch06,gLH_sBM_c01_d17_mLH4_ch06,480,8.000000000,gLH_sBM_cAll_d17_mLH4_ch06.wav,existing
gLH_sBM_cAll_d17_mLH4_ch07,gLH_sBM_c01_d17_mLH4_ch07,480,8.000000000,gLH_sBM_cAll_d17_mLH4_ch07.wav,existing
gLH_sBM_cAll_d17_mLH4_ch08,gLH_sBM_c01_d17_mLH4_ch08,480,8.000000000,gLH_sBM_cAll_d17_mLH4_ch08.wav,existing
gLH_sBM_cAll_d17_mLH4_ch09,gLH_sBM_c01_d17_mLH4_ch09,480,8.000000000,gLH_sBM_cAll_d17_mLH4_ch09.wav,existing
gLH_sBM_cAll_d17_mLH4_ch10,gLH_sBM_c01_d17_mLH4_ch10,480,8.000000000,gLH_sBM_cAll_d17_mLH4_ch10.wav,existing
gLH_sBM_cAll_d17_mLH5_ch01,gLH_sBM_c01_d17_mLH5_ch01,443,7.383333333,gLH_sBM_cAll_d17_mLH5_ch01.wav,existing
gLH_sBM_cAll_d17_mLH5_ch02,gLH_sBM_c01_d17_mLH5_ch02,443,7.383333333,gLH_sBM_cAll_d17_mLH5_ch02.wav,existing
gLH_sBM_cAll_d18_mLH2_ch01,gLH_sBM_c01_d18_mLH2_ch01,576,9.600000000,gLH_sBM_cAll_d18_mLH2_ch01.wav,existing
gLH_sBM_cAll_d18_mLH2_ch02,gLH_sBM_c01_d18_mLH2_ch02,576,9.600000000,gLH_sBM_cAll_d18_mLH2_ch02.wav,existing
gLH_sBM_cAll_d18_mLH3_ch01,gLH_sBM_c01_d18_mLH3_ch01,524,8.733333333,gLH_sBM_cAll_d18_mLH3_ch01.wav,existing
gLH_sBM_cAll_d18_mLH3_ch02,gLH_sBM_c01_d18_mLH3_ch02,524,8.733333333,gLH_sBM_cAll_d18_mLH3_ch02.wav,existing
gLH_sBM_cAll_d18_mLH4_ch01,gLH_sBM_c01_d18_mLH4_ch01,480,8.000000000,gLH_sBM_cAll_d18_mLH4_ch01.wav,existing
gLH_sBM_cAll_d18_mLH4_ch02,gLH_sBM_c01_d18_mLH4_ch02,480,8.000000000,gLH_sBM_cAll_d18_mLH4_ch02.wav,existing
gLH_sBM_cAll_d18_mLH4_ch03,gLH_sBM_c01_d18_mLH4_ch03,480,8.000000000,gLH_sBM_cAll_d18_mLH4_ch03.wav,existing
gLH_sBM_cAll_d18_mLH4_ch04,gLH_sBM_c01_d18_mLH4_ch04,480,8.000000000,gLH_sBM_cAll_d18_mLH4_ch04.wav,existing
gLH_sBM_cAll_d18_mLH4_ch05,gLH_sBM_c01_d18_mLH4_ch05,480,8.000000000,gLH_sBM_cAll_d18_mLH4_ch05.wav,existing
gLH_sBM_cAll_d18_mLH4_ch06,gLH_sBM_c01_d18_mLH4_ch06,480,8.000000000,gLH_sBM_cAll_d18_mLH4_ch06.wav,existing
gLH_sBM_cAll_d18_mLH4_ch07,gLH_sBM_c01_d18_mLH4_ch07,480,8.000000000,gLH_sBM_cAll_d18_mLH4_ch07.wav,existing
gLH_sBM_cAll_d18_mLH4_ch08,gLH_sBM_c01_d18_mLH4_ch08,480,8.000000000,gLH_sBM_cAll_d18_mLH4_ch08.wav,existing
gLH_sBM_cAll_d18_mLH4_ch09,gLH_sBM_c01_d18_mLH4_ch09,480,8.000000000,gLH_sBM_cAll_d18_mLH4_ch09.wav,existing
gLH_sBM_cAll_d18_mLH4_ch10,gLH_sBM_c01_d18_mLH4_ch10,480,8.000000000,gLH_sBM_cAll_d18_mLH4_ch10.wav,existing
gLH_sBM_cAll_d18_mLH5_ch01,gLH_sBM_c01_d18_mLH5_ch01,443,7.383333333,gLH_sBM_cAll_d18_mLH5_ch01.wav,existing
gLH_sBM_cAll_d18_mLH5_ch02,gLH_sBM_c01_d18_mLH5_ch02,443,7.383333333,gLH_sBM_cAll_d18_mLH5_ch02.wav,existing
gLH_sFM_cAll_d16_mLH4_ch05,gLH_sFM_c01_d16_mLH4_ch05,1919,31.983333333,gLH_sFM_cAll_d16_mLH4_ch05.wav,existing
gLH_sFM_cAll_d17_mLH4_ch12,gLH_sFM_c01_d17_mLH4_ch12,1919,31.983333333,gLH_sFM_cAll_d17_mLH4_ch12.wav,existing
gLH_sFM_cAll_d18_mLH4_ch19,gLH_sFM_c01_d18_mLH4_ch19,1919,31.983333333,gLH_sFM_cAll_d18_mLH4_ch19.wav,existing
gLO_sBM_cAll_d13_mLO0_ch01,gLO_sBM_c01_d13_mLO0_ch01,720,12.000000000,gLO_sBM_cAll_d13_mLO0_ch01.wav,existing
gLO_sBM_cAll_d13_mLO0_ch02,gLO_sBM_c01_d13_mLO0_ch02,720,12.000000000,gLO_sBM_cAll_d13_mLO0_ch02.wav,existing
gLO_sBM_cAll_d13_mLO1_ch01,gLO_sBM_c01_d13_mLO1_ch01,640,10.666666667,gLO_sBM_cAll_d13_mLO1_ch01.wav,existing
gLO_sBM_cAll_d13_mLO1_ch02,gLO_sBM_c01_d13_mLO1_ch02,640,10.666666667,gLO_sBM_cAll_d13_mLO1_ch02.wav,existing
gLO_sBM_cAll_d13_mLO2_ch01,gLO_sBM_c01_d13_mLO2_ch01,576,9.600000000,gLO_sBM_cAll_d13_mLO2_ch01.wav,existing
gLO_sBM_cAll_d13_mLO2_ch02,gLO_sBM_c01_d13_mLO2_ch02,576,9.600000000,gLO_sBM_cAll_d13_mLO2_ch02.wav,existing
gLO_sBM_cAll_d13_mLO2_ch03,gLO_sBM_c01_d13_mLO2_ch03,576,9.600000000,gLO_sBM_cAll_d13_mLO2_ch03.wav,existing
gLO_sBM_cAll_d13_mLO2_ch04,gLO_sBM_c01_d13_mLO2_ch04,576,9.600000000,gLO_sBM_cAll_d13_mLO2_ch04.wav,existing
gLO_sBM_cAll_d13_mLO2_ch05,gLO_sBM_c01_d13_mLO2_ch05,576,9.600000000,gLO_sBM_cAll_d13_mLO2_ch05.wav,existing
gLO_sBM_cAll_d13_mLO2_ch06,gLO_sBM_c01_d13_mLO2_ch06,576,9.600000000,gLO_sBM_cAll_d13_mLO2_ch06.wav,existing
gLO_sBM_cAll_d13_mLO2_ch07,gLO_sBM_c01_d13_mLO2_ch07,576,9.600000000,gLO_sBM_cAll_d13_mLO2_ch07.wav,existing
gLO_sBM_cAll_d13_mLO2_ch08,gLO_sBM_c01_d13_mLO2_ch08,576,9.600000000,gLO_sBM_cAll_d13_mLO2_ch08.wav,existing
gLO_sBM_cAll_d13_mLO2_ch09,gLO_sBM_c01_d13_mLO2_ch09,576,9.600000000,gLO_sBM_cAll_d13_mLO2_ch09.wav,existing
gLO_sBM_cAll_d13_mLO2_ch10,gLO_sBM_c01_d13_mLO2_ch10,576,9.600000000,gLO_sBM_cAll_d13_mLO2_ch10.wav,existing
gLO_sBM_cAll_d13_mLO3_ch01,gLO_sBM_c01_d13_mLO3_ch01,524,8.733333333,gLO_sBM_cAll_d13_mLO3_ch01.wav,existing
gLO_sBM_cAll_d13_mLO3_ch02,gLO_sBM_c01_d13_mLO3_ch02,524,8.733333333,gLO_sBM_cAll_d13_mLO3_ch02.wav,existing
gLO_sBM_cAll_d14_mLO0_ch01,gLO_sBM_c01_d14_mLO0_ch01,720,12.000000000,gLO_sBM_cAll_d14_mLO0_ch01.wav,existing
gLO_sBM_cAll_d14_mLO0_ch02,gLO_sBM_c01_d14_mLO0_ch02,720,12.000000000,gLO_sBM_cAll_d14_mLO0_ch02.wav,existing
gLO_sBM_cAll_d14_mLO1_ch01,gLO_sBM_c01_d14_mLO1_ch01,640,10.666666667,gLO_sBM_cAll_d14_mLO1_ch01.wav,existing
gLO_sBM_cAll_d14_mLO1_ch02,gLO_sBM_c01_d14_mLO1_ch02,640,10.666666667,gLO_sBM_cAll_d14_mLO1_ch02.wav,existing
gLO_sBM_cAll_d14_mLO4_ch01,gLO_sBM_c01_d14_mLO4_ch01,480,8.000000000,gLO_sBM_cAll_d14_mLO4_ch01.wav,existing
gLO_sBM_cAll_d14_mLO4_ch02,gLO_sBM_c01_d14_mLO4_ch02,480,8.000000000,gLO_sBM_cAll_d14_mLO4_ch02.wav,existing
gLO_sBM_cAll_d14_mLO5_ch01,gLO_sBM_c01_d14_mLO5_ch01,443,7.383333333,gLO_sBM_cAll_d14_mLO5_ch01.wav,existing
gLO_sBM_cAll_d14_mLO5_ch02,gLO_sBM_c01_d14_mLO5_ch02,443,7.383333333,gLO_sBM_cAll_d14_mLO5_ch02.wav,existing
gLO_sBM_cAll_d15_mLO2_ch01,gLO_sBM_c01_d15_mLO2_ch01,576,9.600000000,gLO_sBM_cAll_d15_mLO2_ch01.wav,existing
gLO_sBM_cAll_d15_mLO2_ch02,gLO_sBM_c01_d15_mLO2_ch02,576,9.600000000,gLO_sBM_cAll_d15_mLO2_ch02.wav,existing
gLO_sBM_cAll_d15_mLO2_ch03,gLO_sBM_c01_d15_mLO2_ch03,576,9.600000000,gLO_sBM_cAll_d15_mLO2_ch03.wav,existing
gLO_sBM_cAll_d15_mLO2_ch04,gLO_sBM_c01_d15_mLO2_ch04,576,9.600000000,gLO_sBM_cAll_d15_mLO2_ch04.wav,existing
gLO_sBM_cAll_d15_mLO2_ch05,gLO_sBM_c01_d15_mLO2_ch05,576,9.600000000,gLO_sBM_cAll_d15_mLO2_ch05.wav,existing
gLO_sBM_cAll_d15_mLO2_ch06,gLO_sBM_c01_d15_mLO2_ch06,576,9.600000000,gLO_sBM_cAll_d15_mLO2_ch06.wav,existing
gLO_sBM_cAll_d15_mLO2_ch07,gLO_sBM_c01_d15_mLO2_ch07,576,9.600000000,gLO_sBM_cAll_d15_mLO2_ch07.wav,existing
gLO_sBM_cAll_d15_mLO2_ch08,gLO_sBM_c01_d15_mLO2_ch08,576,9.600000000,gLO_sBM_cAll_d15_mLO2_ch08.wav,existing
gLO_sBM_cAll_d15_mLO2_ch09,gLO_sBM_c01_d15_mLO2_ch09,576,9.600000000,gLO_sBM_cAll_d15_mLO2_ch09.wav,existing
gLO_sBM_cAll_d15_mLO2_ch10,gLO_sBM_c01_d15_mLO2_ch10,576,9.600000000,gLO_sBM_cAll_d15_mLO2_ch10.wav,existing
gLO_sBM_cAll_d15_mLO3_ch01,gLO_sBM_c01_d15_mLO3_ch01,524,8.733333333,gLO_sBM_cAll_d15_mLO3_ch01.wav,existing
gLO_sBM_cAll_d15_mLO3_ch02,gLO_sBM_c01_d15_mLO3_ch02,524,8.733333333,gLO_sBM_cAll_d15_mLO3_ch02.wav,existing
gLO_sBM_cAll_d15_mLO4_ch01,gLO_sBM_c01_d15_mLO4_ch01,480,8.000000000,gLO_sBM_cAll_d15_mLO4_ch01.wav,existing
gLO_sBM_cAll_d15_mLO4_ch02,gLO_sBM_c01_d15_mLO4_ch02,480,8.000000000,gLO_sBM_cAll_d15_mLO4_ch02.wav,existing
gLO_sBM_cAll_d15_mLO5_ch01,gLO_sBM_c01_d15_mLO5_ch01,443,7.383333333,gLO_sBM_cAll_d15_mLO5_ch01.wav,existing
gLO_sBM_cAll_d15_mLO5_ch02,gLO_sBM_c01_d15_mLO5_ch02,443,7.383333333,gLO_sBM_cAll_d15_mLO5_ch02.wav,existing
gLO_sFM_cAll_d13_mLO2_ch03,gLO_sFM_c01_d13_mLO2_ch03,2302,38.366666667,gLO_sFM_cAll_d13_mLO2_ch03.wav,existing
gLO_sFM_cAll_d14_mLO2_ch10,gLO_sFM_c01_d14_mLO2_ch10,2302,38.366666667,gLO_sFM_cAll_d14_mLO2_ch10.wav,existing
gLO_sFM_cAll_d15_mLO2_ch17,gLO_sFM_c01_d15_mLO2_ch17,2302,38.366666667,gLO_sFM_cAll_d15_mLO2_ch17.wav,existing
gMH_sBM_cAll_d22_mMH0_ch01,gMH_sBM_c01_d22_mMH0_ch01,720,12.000000000,gMH_sBM_cAll_d22_mMH0_ch01.wav,existing
gMH_sBM_cAll_d22_mMH0_ch02,gMH_sBM_c01_d22_mMH0_ch02,720,12.000000000,gMH_sBM_cAll_d22_mMH0_ch02.wav,existing
gMH_sBM_cAll_d22_mMH1_ch01,gMH_sBM_c01_d22_mMH1_ch01,640,10.666666667,gMH_sBM_cAll_d22_mMH1_ch01.wav,existing
gMH_sBM_cAll_d22_mMH1_ch02,gMH_sBM_c01_d22_mMH1_ch02,640,10.666666667,gMH_sBM_cAll_d22_mMH1_ch02.wav,existing
gMH_sBM_cAll_d22_mMH2_ch01,gMH_sBM_c01_d22_mMH2_ch01,576,9.600000000,gMH_sBM_cAll_d22_mMH2_ch01.wav,existing
gMH_sBM_cAll_d22_mMH2_ch02,gMH_sBM_c01_d22_mMH2_ch02,576,9.600000000,gMH_sBM_cAll_d22_mMH2_ch02.wav,existing
gMH_sBM_cAll_d22_mMH3_ch01,gMH_sBM_c01_d22_mMH3_ch01,524,8.733333333,gMH_sBM_cAll_d22_mMH3_ch01.wav,existing
gMH_sBM_cAll_d22_mMH3_ch02,gMH_sBM_c01_d22_mMH3_ch02,524,8.733333333,gMH_sBM_cAll_d22_mMH3_ch02.wav,existing
gMH_sBM_cAll_d22_mMH3_ch03,gMH_sBM_c01_d22_mMH3_ch03,524,8.733333333,gMH_sBM_cAll_d22_mMH3_ch03.wav,existing
gMH_sBM_cAll_d22_mMH3_ch04,gMH_sBM_c01_d22_mMH3_ch04,524,8.733333333,gMH_sBM_cAll_d22_mMH3_ch04.wav,existing
gMH_sBM_cAll_d22_mMH3_ch05,gMH_sBM_c01_d22_mMH3_ch05,524,8.733333333,gMH_sBM_cAll_d22_mMH3_ch05.wav,existing
gMH_sBM_cAll_d22_mMH3_ch06,gMH_sBM_c01_d22_mMH3_ch06,524,8.733333333,gMH_sBM_cAll_d22_mMH3_ch06.wav,existing
gMH_sBM_cAll_d22_mMH3_ch07,gMH_sBM_c01_d22_mMH3_ch07,524,8.733333333,gMH_sBM_cAll_d22_mMH3_ch07.wav,existing
gMH_sBM_cAll_d22_mMH3_ch08,gMH_sBM_c01_d22_mMH3_ch08,524,8.733333333,gMH_sBM_cAll_d22_mMH3_ch08.wav,existing
gMH_sBM_cAll_d22_mMH3_ch09,gMH_sBM_c01_d22_mMH3_ch09,524,8.733333333,gMH_sBM_cAll_d22_mMH3_ch09.wav,existing
gMH_sBM_cAll_d22_mMH3_ch10,gMH_sBM_c01_d22_mMH3_ch10,524,8.733333333,gMH_sBM_cAll_d22_mMH3_ch10.wav,existing
gMH_sBM_cAll_d23_mMH0_ch01,gMH_sBM_c01_d23_mMH0_ch01,720,12.000000000,gMH_sBM_cAll_d23_mMH0_ch01.wav,existing
gMH_sBM_cAll_d23_mMH0_ch02,gMH_sBM_c01_d23_mMH0_ch02,720,12.000000000,gMH_sBM_cAll_d23_mMH0_ch02.wav,existing
gMH_sBM_cAll_d23_mMH1_ch01,gMH_sBM_c01_d23_mMH1_ch01,640,10.666666667,gMH_sBM_cAll_d23_mMH1_ch01.wav,existing
gMH_sBM_cAll_d23_mMH1_ch02,gMH_sBM_c01_d23_mMH1_ch02,640,10.666666667,gMH_sBM_cAll_d23_mMH1_ch02.wav,existing
gMH_sBM_cAll_d23_mMH4_ch01,gMH_sBM_c01_d23_mMH4_ch01,480,8.000000000,gMH_sBM_cAll_d23_mMH4_ch01.wav,existing
gMH_sBM_cAll_d23_mMH4_ch02,gMH_sBM_c01_d23_mMH4_ch02,480,8.000000000,gMH_sBM_cAll_d23_mMH4_ch02.wav,existing
gMH_sBM_cAll_d23_mMH5_ch01,gMH_sBM_c01_d23_mMH5_ch01,443,7.383333333,gMH_sBM_cAll_d23_mMH5_ch01.wav,existing
gMH_sBM_cAll_d23_mMH5_ch02,gMH_sBM_c01_d23_mMH5_ch02,443,7.383333333,gMH_sBM_cAll_d23_mMH5_ch02.wav,existing
gMH_sBM_cAll_d24_mMH2_ch01,gMH_sBM_c01_d24_mMH2_ch01,576,9.600000000,gMH_sBM_cAll_d24_mMH2_ch01.wav,existing
gMH_sBM_cAll_d24_mMH2_ch02,gMH_sBM_c01_d24_mMH2_ch02,576,9.600000000,gMH_sBM_cAll_d24_mMH2_ch02.wav,existing
gMH_sBM_cAll_d24_mMH3_ch01,gMH_sBM_c01_d24_mMH3_ch01,524,8.733333333,gMH_sBM_cAll_d24_mMH3_ch01.wav,existing
gMH_sBM_cAll_d24_mMH3_ch02,gMH_sBM_c01_d24_mMH3_ch02,524,8.733333333,gMH_sBM_cAll_d24_mMH3_ch02.wav,existing
gMH_sBM_cAll_d24_mMH3_ch03,gMH_sBM_c01_d24_mMH3_ch03,524,8.733333333,gMH_sBM_cAll_d24_mMH3_ch03.wav,existing
gMH_sBM_cAll_d24_mMH3_ch04,gMH_sBM_c01_d24_mMH3_ch04,524,8.733333333,gMH_sBM_cAll_d24_mMH3_ch04.wav,existing
gMH_sBM_cAll_d24_mMH3_ch05,gMH_sBM_c01_d24_mMH3_ch05,524,8.733333333,gMH_sBM_cAll_d24_mMH3_ch05.wav,existing
gMH_sBM_cAll_d24_mMH3_ch06,gMH_sBM_c01_d24_mMH3_ch06,524,8.733333333,gMH_sBM_cAll_d24_mMH3_ch06.wav,existing
gMH_sBM_cAll_d24_mMH3_ch07,gMH_sBM_c01_d24_mMH3_ch07,524,8.733333333,gMH_sBM_cAll_d24_mMH3_ch07.wav,existing
gMH_sBM_cAll_d24_mMH3_ch08,gMH_sBM_c01_d24_mMH3_ch08,524,8.733333333,gMH_sBM_cAll_d24_mMH3_ch08.wav,existing
gMH_sBM_cAll_d24_mMH3_ch09,gMH_sBM_c01_d24_mMH3_ch09,524,8.733333333,gMH_sBM_cAll_d24_mMH3_ch09.wav,existing
gMH_sBM_cAll_d24_mMH3_ch10,gMH_sBM_c01_d24_mMH3_ch10,524,8.733333333,gMH_sBM_cAll_d24_mMH3_ch10.wav,existing
gMH_sBM_cAll_d24_mMH4_ch01,gMH_sBM_c01_d24_mMH4_ch01,480,8.000000000,gMH_sBM_cAll_d24_mMH4_ch01.wav,existing
gMH_sBM_cAll_d24_mMH4_ch02,gMH_sBM_c01_d24_mMH4_ch02,480,8.000000000,gMH_sBM_cAll_d24_mMH4_ch02.wav,existing
gMH_sBM_cAll_d24_mMH5_ch01,gMH_sBM_c01_d24_mMH5_ch01,443,7.383333333,gMH_sBM_cAll_d24_mMH5_ch01.wav,existing
gMH_sBM_cAll_d24_mMH5_ch02,gMH_sBM_c01_d24_mMH5_ch02,443,7.383333333,gMH_sBM_cAll_d24_mMH5_ch02.wav,existing
gMH_sFM_cAll_d22_mMH3_ch04,gMH_sFM_c01_d22_mMH3_ch04,2093,34.883333333,gMH_sFM_cAll_d22_mMH3_ch04.wav,existing
gMH_sFM_cAll_d23_mMH3_ch11,gMH_sFM_c01_d23_mMH3_ch11,2093,34.883333333,gMH_sFM_cAll_d23_mMH3_ch11.wav,existing
gMH_sFM_cAll_d24_mMH3_ch18,gMH_sFM_c01_d24_mMH3_ch18,2093,34.883333333,gMH_sFM_cAll_d24_mMH3_ch18.wav,existing
gPO_sBM_cAll_d10_mPO0_ch01,gPO_sBM_c01_d10_mPO0_ch01,720,12.000000000,gPO_sBM_cAll_d10_mPO0_ch01.wav,existing
gPO_sBM_cAll_d10_mPO0_ch02,gPO_sBM_c01_d10_mPO0_ch02,720,12.000000000,gPO_sBM_cAll_d10_mPO0_ch02.wav,existing
gPO_sBM_cAll_d10_mPO1_ch01,gPO_sBM_c01_d10_mPO1_ch01,640,10.666666667,gPO_sBM_cAll_d10_mPO1_ch01.wav,existing
gPO_sBM_cAll_d10_mPO1_ch02,gPO_sBM_c01_d10_mPO1_ch02,640,10.666666667,gPO_sBM_cAll_d10_mPO1_ch02.wav,existing
gPO_sBM_cAll_d10_mPO1_ch03,gPO_sBM_c01_d10_mPO1_ch03,640,10.666666667,gPO_sBM_cAll_d10_mPO1_ch03.wav,existing
gPO_sBM_cAll_d10_mPO1_ch04,gPO_sBM_c01_d10_mPO1_ch04,640,10.666666667,gPO_sBM_cAll_d10_mPO1_ch04.wav,existing
gPO_sBM_cAll_d10_mPO1_ch05,gPO_sBM_c01_d10_mPO1_ch05,640,10.666666667,gPO_sBM_cAll_d10_mPO1_ch05.wav,existing
gPO_sBM_cAll_d10_mPO1_ch06,gPO_sBM_c01_d10_mPO1_ch06,640,10.666666667,gPO_sBM_cAll_d10_mPO1_ch06.wav,existing
gPO_sBM_cAll_d10_mPO1_ch07,gPO_sBM_c01_d10_mPO1_ch07,640,10.666666667,gPO_sBM_cAll_d10_mPO1_ch07.wav,existing
gPO_sBM_cAll_d10_mPO1_ch08,gPO_sBM_c01_d10_mPO1_ch08,640,10.666666667,gPO_sBM_cAll_d10_mPO1_ch08.wav,existing
gPO_sBM_cAll_d10_mPO1_ch09,gPO_sBM_c01_d10_mPO1_ch09,640,10.666666667,gPO_sBM_cAll_d10_mPO1_ch09.wav,existing
gPO_sBM_cAll_d10_mPO1_ch10,gPO_sBM_c01_d10_mPO1_ch10,640,10.666666667,gPO_sBM_cAll_d10_mPO1_ch10.wav,existing
gPO_sBM_cAll_d10_mPO2_ch01,gPO_sBM_c01_d10_mPO2_ch01,576,9.600000000,gPO_sBM_cAll_d10_mPO2_ch01.wav,existing
gPO_sBM_cAll_d10_mPO2_ch02,gPO_sBM_c01_d10_mPO2_ch02,576,9.600000000,gPO_sBM_cAll_d10_mPO2_ch02.wav,existing
gPO_sBM_cAll_d10_mPO3_ch01,gPO_sBM_c01_d10_mPO3_ch01,524,8.733333333,gPO_sBM_cAll_d10_mPO3_ch01.wav,existing
gPO_sBM_cAll_d10_mPO3_ch02,gPO_sBM_c01_d10_mPO3_ch02,524,8.733333333,gPO_sBM_cAll_d10_mPO3_ch02.wav,existing
gPO_sBM_cAll_d11_mPO0_ch01,gPO_sBM_c01_d11_mPO0_ch01,720,12.000000000,gPO_sBM_cAll_d11_mPO0_ch01.wav,existing
gPO_sBM_cAll_d11_mPO0_ch02,gPO_sBM_c01_d11_mPO0_ch02,720,12.000000000,gPO_sBM_cAll_d11_mPO0_ch02.wav,existing
gPO_sBM_cAll_d11_mPO1_ch01,gPO_sBM_c01_d11_mPO1_ch01,640,10.666666667,gPO_sBM_cAll_d11_mPO1_ch01.wav,existing
gPO_sBM_cAll_d11_mPO1_ch02,gPO_sBM_c01_d11_mPO1_ch02,640,10.666666667,gPO_sBM_cAll_d11_mPO1_ch02.wav,existing
gPO_sBM_cAll_d11_mPO1_ch03,gPO_sBM_c01_d11_mPO1_ch03,640,10.666666667,gPO_sBM_cAll_d11_mPO1_ch03.wav,existing
gPO_sBM_cAll_d11_mPO1_ch04,gPO_sBM_c01_d11_mPO1_ch04,640,10.666666667,gPO_sBM_cAll_d11_mPO1_ch04.wav,existing
gPO_sBM_cAll_d11_mPO1_ch05,gPO_sBM_c01_d11_mPO1_ch05,640,10.666666667,gPO_sBM_cAll_d11_mPO1_ch05.wav,existing
gPO_sBM_cAll_d11_mPO1_ch06,gPO_sBM_c01_d11_mPO1_ch06,640,10.666666667,gPO_sBM_cAll_d11_mPO1_ch06.wav,existing
gPO_sBM_cAll_d11_mPO1_ch07,gPO_sBM_c01_d11_mPO1_ch07,640,10.666666667,gPO_sBM_cAll_d11_mPO1_ch07.wav,existing
gPO_sBM_cAll_d11_mPO1_ch08,gPO_sBM_c01_d11_mPO1_ch08,640,10.666666667,gPO_sBM_cAll_d11_mPO1_ch08.wav,existing
gPO_sBM_cAll_d11_mPO1_ch09,gPO_sBM_c01_d11_mPO1_ch09,640,10.666666667,gPO_sBM_cAll_d11_mPO1_ch09.wav,existing
gPO_sBM_cAll_d11_mPO1_ch10,gPO_sBM_c01_d11_mPO1_ch10,640,10.666666667,gPO_sBM_cAll_d11_mPO1_ch10.wav,existing
gPO_sBM_cAll_d11_mPO4_ch01,gPO_sBM_c01_d11_mPO4_ch01,480,8.000000000,gPO_sBM_cAll_d11_mPO4_ch01.wav,existing
gPO_sBM_cAll_d11_mPO4_ch02,gPO_sBM_c01_d11_mPO4_ch02,480,8.000000000,gPO_sBM_cAll_d11_mPO4_ch02.wav,existing
gPO_sBM_cAll_d11_mPO5_ch01,gPO_sBM_c01_d11_mPO5_ch01,443,7.383333333,gPO_sBM_cAll_d11_mPO5_ch01.wav,existing
gPO_sBM_cAll_d11_mPO5_ch02,gPO_sBM_c01_d11_mPO5_ch02,443,7.383333333,gPO_sBM_cAll_d11_mPO5_ch02.wav,existing
gPO_sBM_cAll_d12_mPO2_ch01,gPO_sBM_c01_d12_mPO2_ch01,576,9.600000000,gPO_sBM_cAll_d12_mPO2_ch01.wav,existing
gPO_sBM_cAll_d12_mPO2_ch02,gPO_sBM_c01_d12_mPO2_ch02,576,9.600000000,gPO_sBM_cAll_d12_mPO2_ch02.wav,existing
gPO_sBM_cAll_d12_mPO3_ch01,gPO_sBM_c01_d12_mPO3_ch01,524,8.733333333,gPO_sBM_cAll_d12_mPO3_ch01.wav,existing
gPO_sBM_cAll_d12_mPO3_ch02,gPO_sBM_c01_d12_mPO3_ch02,524,8.733333333,gPO_sBM_cAll_d12_mPO3_ch02.wav,existing
gPO_sBM_cAll_d12_mPO4_ch01,gPO_sBM_c01_d12_mPO4_ch01,480,8.000000000,gPO_sBM_cAll_d12_mPO4_ch01.wav,existing
gPO_sBM_cAll_d12_mPO4_ch02,gPO_sBM_c01_d12_mPO4_ch02,480,8.000000000,gPO_sBM_cAll_d12_mPO4_ch02.wav,existing
gPO_sBM_cAll_d12_mPO5_ch01,gPO_sBM_c01_d12_mPO5_ch01,443,7.383333333,gPO_sBM_cAll_d12_mPO5_ch01.wav,existing
gPO_sBM_cAll_d12_mPO5_ch02,gPO_sBM_c01_d12_mPO5_ch02,443,7.383333333,gPO_sBM_cAll_d12_mPO5_ch02.wav,existing
gPO_sFM_cAll_d10_mPO1_ch02,gPO_sFM_c01_d10_mPO1_ch02,2558,42.633333333,gPO_sFM_cAll_d10_mPO1_ch02.wav,existing
gPO_sFM_cAll_d11_mPO1_ch09,gPO_sFM_c01_d11_mPO1_ch09,2558,42.633333333,gPO_sFM_cAll_d11_mPO1_ch09.wav,existing
gPO_sFM_cAll_d12_mPO1_ch16,gPO_sFM_c01_d12_mPO1_ch16,2558,42.633333333,gPO_sFM_cAll_d12_mPO1_ch16.wav,existing
gWA_sBM_cAll_d25_mWA0_ch01,gWA_sBM_c01_d25_mWA0_ch01,720,12.000000000,gWA_sBM_cAll_d25_mWA0_ch01.wav,existing
gWA_sBM_cAll_d25_mWA0_ch02,gWA_sBM_c01_d25_mWA0_ch02,720,12.000000000,gWA_sBM_cAll_d25_mWA0_ch02.wav,existing
gWA_sBM_cAll_d25_mWA0_ch03,gWA_sBM_c01_d25_mWA0_ch03,720,12.000000000,gWA_sBM_cAll_d25_mWA0_ch03.wav,existing
gWA_sBM_cAll_d25_mWA0_ch04,gWA_sBM_c01_d25_mWA0_ch04,720,12.000000000,gWA_sBM_cAll_d25_mWA0_ch04.wav,existing
gWA_sBM_cAll_d25_mWA0_ch05,gWA_sBM_c01_d25_mWA0_ch05,720,12.000000000,gWA_sBM_cAll_d25_mWA0_ch05.wav,existing
gWA_sBM_cAll_d25_mWA0_ch06,gWA_sBM_c01_d25_mWA0_ch06,720,12.000000000,gWA_sBM_cAll_d25_mWA0_ch06.wav,existing
gWA_sBM_cAll_d25_mWA0_ch07,gWA_sBM_c01_d25_mWA0_ch07,720,12.000000000,gWA_sBM_cAll_d25_mWA0_ch07.wav,existing
gWA_sBM_cAll_d25_mWA0_ch08,gWA_sBM_c01_d25_mWA0_ch08,720,12.000000000,gWA_sBM_cAll_d25_mWA0_ch08.wav,existing
gWA_sBM_cAll_d25_mWA0_ch09,gWA_sBM_c01_d25_mWA0_ch09,720,12.000000000,gWA_sBM_cAll_d25_mWA0_ch09.wav,existing
gWA_sBM_cAll_d25_mWA0_ch10,gWA_sBM_c01_d25_mWA0_ch10,720,12.000000000,gWA_sBM_cAll_d25_mWA0_ch10.wav,existing
gWA_sBM_cAll_d25_mWA1_ch01,gWA_sBM_c01_d25_mWA1_ch01,640,10.666666667,gWA_sBM_cAll_d25_mWA1_ch01.wav,existing
gWA_sBM_cAll_d25_mWA1_ch02,gWA_sBM_c01_d25_mWA1_ch02,640,10.666666667,gWA_sBM_cAll_d25_mWA1_ch02.wav,existing
gWA_sBM_cAll_d25_mWA2_ch01,gWA_sBM_c01_d25_mWA2_ch01,576,9.600000000,gWA_sBM_cAll_d25_mWA2_ch01.wav,existing
gWA_sBM_cAll_d25_mWA2_ch02,gWA_sBM_c01_d25_mWA2_ch02,576,9.600000000,gWA_sBM_cAll_d25_mWA2_ch02.wav,existing
gWA_sBM_cAll_d25_mWA3_ch01,gWA_sBM_c01_d25_mWA3_ch01,524,8.733333333,gWA_sBM_cAll_d25_mWA3_ch01.wav,existing
gWA_sBM_cAll_d25_mWA3_ch02,gWA_sBM_c01_d25_mWA3_ch02,524,8.733333333,gWA_sBM_cAll_d25_mWA3_ch02.wav,existing
gWA_sBM_cAll_d26_mWA0_ch01,gWA_sBM_c01_d26_mWA0_ch01,720,12.000000000,gWA_sBM_cAll_d26_mWA0_ch01.wav,existing
gWA_sBM_cAll_d26_mWA0_ch02,gWA_sBM_c01_d26_mWA0_ch02,720,12.000000000,gWA_sBM_cAll_d26_mWA0_ch02.wav,existing
gWA_sBM_cAll_d26_mWA0_ch03,gWA_sBM_c01_d26_mWA0_ch03,720,12.000000000,gWA_sBM_cAll_d26_mWA0_ch03.wav,existing
gWA_sBM_cAll_d26_mWA0_ch04,gWA_sBM_c01_d26_mWA0_ch04,720,12.000000000,gWA_sBM_cAll_d26_mWA0_ch04.wav,existing
gWA_sBM_cAll_d26_mWA0_ch05,gWA_sBM_c01_d26_mWA0_ch05,720,12.000000000,gWA_sBM_cAll_d26_mWA0_ch05.wav,existing
gWA_sBM_cAll_d26_mWA0_ch06,gWA_sBM_c01_d26_mWA0_ch06,720,12.000000000,gWA_sBM_cAll_d26_mWA0_ch06.wav,existing
gWA_sBM_cAll_d26_mWA0_ch07,gWA_sBM_c01_d26_mWA0_ch07,720,12.000000000,gWA_sBM_cAll_d26_mWA0_ch07.wav,existing
gWA_sBM_cAll_d26_mWA0_ch08,gWA_sBM_c01_d26_mWA0_ch08,720,12.000000000,gWA_sBM_cAll_d26_mWA0_ch08.wav,existing
gWA_sBM_cAll_d26_mWA0_ch10,gWA_sBM_c01_d26_mWA0_ch10,720,12.000000000,gWA_sBM_cAll_d26_mWA0_ch10.wav,existing
gWA_sBM_cAll_d26_mWA4_ch01,gWA_sBM_c01_d26_mWA4_ch01,480,8.000000000,gWA_sBM_cAll_d26_mWA4_ch01.wav,existing
gWA_sBM_cAll_d26_mWA4_ch02,gWA_sBM_c01_d26_mWA4_ch02,480,8.000000000,gWA_sBM_cAll_d26_mWA4_ch02.wav,existing
gWA_sBM_cAll_d26_mWA5_ch01,gWA_sBM_c01_d26_mWA5_ch01,443,7.383333333,gWA_sBM_cAll_d26_mWA5_ch01.wav,existing
gWA_sBM_cAll_d26_mWA5_ch02,gWA_sBM_c01_d26_mWA5_ch02,443,7.383333333,gWA_sBM_cAll_d26_mWA5_ch02.wav,existing
gWA_sBM_cAll_d27_mWA2_ch02,gWA_sBM_c01_d27_mWA2_ch02,576,9.600000000,gWA_sBM_cAll_d27_mWA2_ch02.wav,existing
gWA_sBM_cAll_d27_mWA3_ch02,gWA_sBM_c01_d27_mWA3_ch02,524,8.733333333,gWA_sBM_cAll_d27_mWA3_ch02.wav,existing
gWA_sBM_cAll_d27_mWA4_ch01,gWA_sBM_c01_d27_mWA4_ch01,480,8.000000000,gWA_sBM_cAll_d27_mWA4_ch01.wav,existing
gWA_sBM_cAll_d27_mWA5_ch02,gWA_sBM_c01_d27_mWA5_ch02,443,7.383333333,gWA_sBM_cAll_d27_mWA5_ch02.wav,existing
gWA_sFM_cAll_d25_mWA0_ch01,gWA_sFM_c01_d25_mWA0_ch01,2878,47.966666667,gWA_sFM_cAll_d25_mWA0_ch01.wav,existing
gWA_sFM_cAll_d26_mWA0_ch08,gWA_sFM_c01_d26_mWA0_ch08,2878,47.966666667,gWA_sFM_cAll_d26_mWA0_ch08.wav,existing
gWA_sFM_cAll_d27_mWA0_ch15,gWA_sFM_c01_d27_mWA0_ch15,2878,47.966666667,gWA_sFM_cAll_d27_mWA0_ch15.wav,existing
