motion_name,frames,duration_seconds,audio_path,source_id,split
finedance_001_0000000_0000586,586,9.766666666666667,finedance_001_0000000_0000586.wav,001,train
finedance_001_0000586_0001172,586,9.766666666666667,finedance_001_0000586_0001172.wav,001,train
finedance_001_0001172_0001758,586,9.766666666666667,finedance_001_0001172_0001758.wav,001,train
finedance_001_0001758_0002344,586,9.766666666666667,finedance_001_0001758_0002344.wav,001,train
finedance_001_0002344_0002930,586,9.766666666666667,finedance_001_0002344_0002930.wav,001,train
finedance_001_0002930_0003516,586,9.766666666666667,finedance_001_0002930_0003516.wav,001,train
finedance_001_0003516_0004101,585,9.75,finedance_001_0003516_0004101.wav,001,train
finedance_001_0004101_0004686,585,9.75,finedance_001_0004101_0004686.wav,001,train
finedance_001_0004686_0005271,585,9.75,finedance_001_0004686_0005271.wav,001,train
finedance_001_0005271_0005856,585,9.75,finedance_001_0005271_0005856.wav,001,train
